nome,sigla,cnpj,categoria,associados,base_contagem,fonte_associados,data_fonte,tipo_fonte,entidade_paga,tipo_cobranca,evidencia_cobranca,observacoes
Confederação Nacional dos Trabalhadores Rurais Agricultores e Agricultoras Familiares,CONTAG,não encontrado,4,15000000,"trabalhadores rurais, agricultores e agricultoras familiares filiados a sindicatos filiados à Contag (não exclusivamente aposentados/pensionistas)","resumo de cobertura jornalística consolidada sobre a Contag (Agência Brasil e correlatas), 'mais de 15 milhões de membros'",não encontrado,imprensa,sim,mensalidade,"Contag afirma publicamente que os descontos associativos de seus filiados foram autorizados — Agência Brasil, 'Contag e Sindnapi negam irregularidade e apoiam apuração sobre fraudes' (25/04/2025)","ALERTA REPUTACIONAL: citada na Operação Sem Desconto (PF/CGU, 2025) no contexto de descontos associativos questionados, com nota pública de defesa. FORA DO ESCOPO ESTRITO DA CATEGORIA 4: é confederação sindical de trabalhadores rurais, não associação de aposentados/pensionistas, e não é associação 399-9 — incluída apenas para registro por alta relevância midiática nas investigações; recomenda-se exclusão do universo de aposentados/pensionistas na Fase 2."
Conselho Federal da Ordem dos Advogados do Brasil,OAB-CFOAB,33.205.451/0001-14,7-federal,1413330,"total nacional de inscritos (inclui 1.337.651 em exercício regular da profissão, dado 2023)","1º Estudo Demográfico da Advocacia Brasileira, FGV / OAB Nacional (conhecimento.fgv.br/sites/default/files/2025-01/publicacoes/perfil_adv_1o-estudo_demografico_da_advocacia_brasileira.pdf)",dado-base 2023; publicação jan/2025,documento oficial,"não se aplica ao Conselho Federal diretamente (autarquia federal, tipo 1104, sede em Brasília/DF); a cobrança de anuidade é feita pelas seccionais",,,"Linha de referência para a aba Metodologia (total nacional de advogados inscritos, conforme pedido no briefing), NÃO é uma das 27 seccionais e não compete no ranking por seccional. Além disso, em 22/10/2025 o Conselho Federal fixou piso mínimo de anuidade de R$ 1.050,00 para todos os Conselhos Seccionais a partir de 1º/1/2026 (fonte: Conjur, 'Conselho Federal da OAB estabelece piso para anuidade de seccionais', conjur.com.br/2025-out-22, e Provimento 232/2025, oab.org.br/leisnormas/legislacao/provimentos/232-2025)."
Associação dos Aposentados Mutualistas para Benefícios Coletivos,AMBEC,não encontrado,4,650000,"filiados (auto-declarado, dado obtido via Lei de Acesso à Informação)","Metrópoles, 'Entidades já somam R$ 1,5 bi em descontos do INSS no ano. Veja ranking' (metropoles.com/sao-paulo/entidades-descontos-inss-2024-ranking) — salto de 38 mil para 650 mil filiados entre 2023 e 2024",2024,imprensa,sim,mensalidade,"Cobra R$ 45,00 mensais descontados do benefício do INSS — Metrópoles, 'Ambec: conheça a entidade que cobra R$ 45 de aposentados sem permissão'; CNN Brasil noticiou salto de arrecadação de R$ 1,8 milhão/mês (jan/2023) para R$ 30 milhões/mês (fev/2024), alta de 1.500%","ALERTA REPUTACIONAL: alvo direto da Operação Sem Desconto (PF/CGU, 2025), com processos judiciais por descontos sem consentimento; documentos e testemunhos apontam uso de dados obtidos irregularmente para filiações não autorizadas. Fontes: Metrópoles e CNN Brasil (2024-2025). Natureza jurídica e CNPJ não confirmados nesta pesquisa."
"Sindicato Nacional dos Aposentados, Pensionistas e Idosos da Força Sindical",SINDNAPI,não encontrado,outra,300000,total de associados declarado pela própria entidade ('ultrapassa a marca de 300 mil associados'),"site institucional SINDNAPI, 'MAIOR DA AMÉRICA | Sindicato dos Aposentados ultrapassa a marca de 300 mil associados', https://www.sindicatodosaposentados.org.br/noticias/8817-maior-da-america-sindicato-dos-aposentados-ultrapassa-a-marca-de-300-mil-associados",não encontrado (data exata da matéria não confirmada),declarado pela entidade,sim,mensalidade,Contribuição sindical/associativa descontada de aposentadorias via INSS; é um dos alvos centrais da cobertura sobre descontos indevidos.,"ALERTA REPUTACIONAL INSS: citada pela PF em inquérito sobre descontos indevidos (CNN Brasil, https://www.cnnbrasil.com.br/politica/inss-sindicatos-citados-em-inquerito-tem-vaga-no-conselho-de-previdencia/). É SINDICATO, não associação — formalmente fora do critério do briefing ('sindicatos... não entram no Top 50'), mas é citado aqui por ser a maior entidade da categoria e por estar no centro do escândalo do INSS; decisão de incluir cabe ao orquestrador/XIPP."
PROTESTE - Associação Brasileira de Defesa do Consumidor,PROTESTE,,6,280000,não informado,https://www.proteste.org.br/institucional/quem-somos/a-organizacao ; https://pt.wikipedia.org/wiki/Proteste,2026-09-16,declarado pela entidade,sim,outra,"Fonte declara que a PROTESTE 'é mantida exclusivamente com o dinheiro que recebe de seus associados e da venda das suas publicações', ou seja, modelo de assinatura paga por associado. A periodicidade exata (mensal ou anual) não foi confirmada explicitamente nas páginas consultadas nesta busca.","Maior associação de consumidores da América Latina, segundo a própria entidade (fundada em 2001). CNPJ não localizado na busca. Base de contagem dos 280 mil associados (se inclui dependentes, se é só titulares) não especificada na fonte. Recomenda-se confirmação direta do valor e periodicidade da assinatura no site."
APVS Brasil - Associação de Proteção Veicular,APVS,13.866.295/0001-25,6,280000,não informado,https://www.brasilapvs.com/ ; https://blog.cooperlink.com.br/qual-e-a-maior-protecao-veicular-do-brasil/,2026-09-16,declarado pela entidade,sim,mensalidade,"Fontes indicam associação mediante pagamento de taxa de adesão e mensalidade, com valor variando conforme tipo de veículo e cobertura (valor exato não confirmado).","ALERTA REGULATÓRIO/REPUTACIONAL: associação de proteção veicular (mutualismo). Lei sancionada em jan/2025 trouxe regulamentação pelo SUSEP para o setor, indicando histórico de zona cinzenta regulatória. Autodeclarada 'maior associação de proteção veicular da América Latina'. Não confundir com seguradora; modelo mutualista de rateio de sinistros. CNPJ confirmado via busca."
Ordem dos Advogados do Brasil - Seção de Minas Gerais,OAB-MG,19.984.848/0001-20,7,140810,inscritos ativos,"OAB-MG, notícia 'Maioria dos inscritos na OAB Minas é formada pela jovem advocacia' (oabmg.org.br/Noticias/Detalhe/12493), citando dado do 1º Estudo Demográfico da Advocacia Brasileira (OAB Nacional/FGV), apresentado em reunião do Conselho Pleno da OAB-MG em setembro de 2024","dado-base dez/2023, divulgado/apresentado set/2024",documento oficial,sim,anuidade,"OAB-MG, 'Anuidade do exercício de 2025 já está disponível' (oabmg.org.br/Noticias/Detalhe/12559)",
Clube Curitibano,,76.493.626/0001-49,5,131000,não informado,https://www.auditorioibirapuera.com.br/quanto-custa-para-ser-socio-do-clube-curitibano/,sem data explícita; consulta em 2026-09-16,imprensa,sim,mensalidade,"Reportagem consultada via busca cita mensalidade de R$ 106,80, variável por idade e por categoria (civil/militar) e por atividades contratadas.","BAIXA CONFIANÇA no número de associados (131 mil): não foi possível reabrir a página-fonte para confirmar diretamente (acesso bloqueado no ambiente de pesquisa); o número parece elevado até para os maiores clubes do país e deve ser tratado como não verificado até checagem independente. Clube fundado em 1882, Curitiba (PR)."
Ordem dos Advogados do Brasil - Seção do Rio Grande do Sul,OAB-RS,,7,92268,inscritos ativos (advogados; os 4.836 estagiários são contabilizados à parte na mesma fonte),"OAB Nacional, notícia 'OAB Nacional parabeniza a seccional do Rio Grande do Sul pelos 93 anos de atuação' (oab.org.br/noticia/63044), citando dados do Cadastro Nacional da Advocacia",sem data explícita de apuração no corpo da notícia (matéria publicada por ocasião do aniversário de 93 anos da seccional),documento oficial,sim,anuidade,"OAB/RS, 'Anuidade OAB/RS 2025: Ordem gaúcha mantém valores reduzidos' (www2.oabrs.org.br/noticia/anuidade-oabrs-2025-ordem-gaucha-mantem-valores-reduzidos/64611)",CNPJ da seccional OAB-RS não encontrado dentro do orçamento de busca desta sessão.
Associação Brasileira de Odontologia,ABO,00.741.250/0001-82,3,90000,"titulares ativos (declarado pela entidade); a ABO também afirma representar os interesses de cerca de 200 mil cirurgiões-dentistas do Brasil, mas esse segundo número não é contagem de associados pagantes",https://www.abo.org.br/quem-somos,não encontrado,declarado pela entidade,a confirmar,,,"Estrutura federativa com 321 sedes/seções estaduais e regionais (ex.: ABO-SP, ABO-RJ), cada uma com CNPJ e cobrança de mensalidade/anuidade próprias. CNPJ encontrado (00.741.250/0001-82) está registrado com endereço em Sant'Ana do Livramento/RS segundo agregador consultado, o que é incomum para uma entidade 'nacional' - recomenda-se confirmar em fonte oficial (Receita Federal) antes de consolidar."
Grande Oriente do Brasil,GOB,34.057.190/0001-03,6,86000,total cadastrado,https://www.gob.org.br/historia-do-gob/,2026-09-16,declarado pela entidade,sim,outra,"Site institucional possui página específica de 'Tabelas de Emolumentos' (gob.org.br/tabelas-de-emolumentos), confirmando existência de cobrança (emolumentos) dos membros (maçons), mas o conteúdo detalhado com valores não pôde ser acessado nesta busca.","Potência maçônica mais antiga do Brasil. Declara ~86 mil 'obreiros' (membros) distribuídos em ~3.100 lojas jurisdicionadas em todo o território nacional. Entidade fraternal/iniciática, não estritamente 'religiosa', mas enquadra-se em 'outras associações de pessoas físicas pagas' de grande porte. Periodicidade exata da cobrança (mensal/anual) não confirmada — necessita visita à página de emolumentos."
Minas Tênis Clube,MTC,17.217.951/0001-10,5,73000,não informado,https://en.wikipedia.org/wiki/Minas_T%C3%AAnis_Clube,dado referente a 2013 (fonte não indica atualização mais recente); consulta em 2026-09-16,imprensa,a confirmar,,,"CNPJ confirmado como Associação Privada, atividade 'Clubes sociais, esportivos e similares' (casadosdados.com.br, cnpj.linkana.com, consulta 2026-09-16). Número de associados desatualizado (2013). Valor de mensalidade não encontrado nesta pesquisa; site oficial (minastenisclube.com.br) identificado mas não pôde ser acessado (bloqueio de rede no ambiente de pesquisa)."
Associação dos Advogados de São Paulo,AASP,62.500.855/0001-39,3,70000,não informado,https://www.aasp.org.br/,não encontrado,declarado pela entidade,sim,mensalidade,"Página 'Contribuição Associativa' (aasp.org.br) informa contribuição básica de R$ 19,90, com pagamento mensal, trimestral, semestral ou anual; há acréscimos para 'Sociedade de Advogados' (R$158,50) e 'Leitura de Termos' (R$55,80).","Associados em todos os estados do Brasil, não apenas SP. Advogados que recebem carteira da OAB a partir de 2025 têm 120 dias de acesso gratuito antes da cobrança, segundo fonte."
Associação Médica Brasileira,AMB,61.413.605/0001-07,3,58000,não informado,https://amb.org.br/apresentacao/,não encontrado,declarado pela entidade,sim,anuidade,"Site institucional (amb.org.br/apresentacao) informa que 'as contribuições são feitas de forma compartilhada com as Federadas, com repasse automático para a AMB', indicando cobrança de anuidade/contribuição associativa.","Fundada em 1951 (74 anos em referência de 2025). Congrega 27 federações médicas estaduais e 54 sociedades de especialidade, que são entidades distintas com CNPJ próprio (ver AMRIGS, AMMG, ABM, AMP, SOMERJ etc. nesta mesma lista). ATENÇÃO: NÃO confundir com a 'Associação dos Magistrados Brasileiros', que usa a mesma sigla AMB e é entidade totalmente distinta (linha seguinte)."
Esporte Clube Pinheiros,ECP,60.854.205/0001-66,5,35000,não informado,https://en.wikipedia.org/wiki/Esporte_Clube_Pinheiros,sem data explícita na fonte; consulta em 2026-09-16,imprensa,a confirmar,,,"Clube multiesportivo tradicional de São Paulo, fundado em 1966. Há também um CNPJ mais antigo (78.123.411/0001-61) com situação BAIXADA na Receita. Não confundir com 'Clube Alto dos Pinheiros' (entidade distinta, CNPJ 61.970.505/0001-73). Valor de mensalidade não encontrado."
Associação Paulista de Medicina,APM,60.993.482/0001-50,3,30000,não informado,https://www.apm.org.br/institucional/sobre-a-apm/,não encontrado,declarado pela entidade,a confirmar,anuidade,"Página institucional menciona contribuição associativa gratuita para acadêmicos e médicos com até 4 anos de formado na capital; para demais categorias e regionais orienta 'consultar caso a caso', o que sugere cobrança para outras faixas, mas o valor não foi confirmado.","Fontes de busca divergem entre 'mais de 30 mil' e 'cerca de 35 mil' associados, sem indicação de qual é mais recente; optou-se pelo valor mais conservador. Sede em São Paulo/SP. CNPJ confirmado via múltiplos agregadores (empresascnpj.com, cnpjagora.com)."
Grêmio Náutico União,GNU,92.841.279/0001-54,5,30000,não informado,https://www.instagram.com/gnuniao/,sem data explícita; consulta em 2026-09-16,imprensa,a confirmar,,,"DIVERGÊNCIA DE FONTES: a Wikipédia (https://pt.wikipedia.org/wiki/Gr%C3%AAmio_N%C3%A1utico_Uni%C3%A3o) cita 'mais de 60 mil títulos emitidos' e o clube como o 3º maior do Brasil em associados, enquanto o Instagram oficial cita 'mais de 30 mil associados'. Diferença pode ser títulos históricos emitidos vs. associados ativos atuais — não explicado nesta pesquisa, recomenda-se checar no fact-check. Clube em Porto Alegre (RS)."
Federação Brasileira das Associações de Ginecologia e Obstetrícia,FEBRASGO,não encontrado,3,23000,não informado,https://www.febrasgo.org.br/,não encontrado,declarado pela entidade,a confirmar,,,Sociedade de especialidade médica (ginecologia e obstetrícia); estrutura federativa de associações estaduais.
Sociedade Brasileira de Pediatria,SBP,não encontrado,3,22000,não informado,https://www.sbp.com.br/a-sbp/,não encontrado,declarado pela entidade,sim,anuidade,"Site institucional tem páginas dedicadas a 'Associe-se' e pagamento de anuidade para 2026 (sbp.com.br), mas o valor específico não constou nos resultados de busca.","Sociedade de especialidade médica (pediatria), não é uma associação médica generalista; incluída como candidata por ser paga e ter grande número de médicos associados."
Associação Brasileira A Hebraica de São Paulo,Hebraica SP,61.139.911/0001-99,5,22000,não informado,https://pt.wikipedia.org/wiki/A_Hebraica,sem data explícita na fonte; consulta em 2026-09-16,imprensa,a confirmar,,,"Fundada em 26/12/1966, ocupa 54 mil m² no Jardim Paulistano (SP). Valor de mensalidade não encontrado nesta pesquisa; site oficial (ahebraica.org.br) identificado mas não pôde ser acessado (bloqueio de rede)."
Associação de Ex-Alunos do Colégio Santa Amália,,,6,20000,total cadastrado,http://www.colegiosantaamalia.com.br/ex-alunos/,2026-09-16,declarado pela entidade,a confirmar,,,"Rede de ex-alunos de um único colégio (regional, São Paulo), não necessariamente de escala nacional. 'Mais de vinte mil' é aproximação do próprio site. Cobrança de mensalidade/anuidade não confirmada. Candidata fraca para o Top 50 por escopo regional, mas incluída para triagem."
Círculo Militar de São Paulo,CMSP,,2,18000,inclui dependentes,"https://circulomilitar.org.br/ (via busca, 'aproximadamente 18.000 associados, titulares e dependentes')",16/09/2026 (data de consulta),declarado pela entidade,a confirmar,,,Fundado em 1947 para congregar oficiais das Forças Armadas e das Polícias Militares e Civis. Tem também caráter de clube social/recreativo (poderia ser avaliado também na categoria 5). Evidência direta de cobrança de mensalidade não localizada nesta pesquisa (site não pôde ser acessado diretamente por bloqueio de rede).
Associação Nacional de Aposentados e Pensionistas do Brasil,ANAPB,não encontrado,4,18000,"não informado ('mais de 18 mil membros', auto-declarado)","Site institucional anapb.com.br, página 'Quem somos' — entidade descrita como nascida no sul de Santa Catarina, com 'mais de 18.000 membros'",não encontrado (sem data explícita na página),declarado pela entidade,a confirmar,não encontrado,não encontrado — nenhuma menção explícita de mensalidade/anuidade localizada nesta pesquisa; confirmar diretamente no estatuto,Não identificada citação direta nas investigações do INSS nesta pesquisa. Confirmar existência de cobrança periódica na Fase 3.
Associação de Pessoal da Caixa Econômica Federal de São Paulo,APCEF/SP,,1,15000,não informado,"apcefsp.org.br (citação indireta via busca; artigo descreve a APCEF/SP como 'a maior das APCEFs, com mais de 15 mil associados')","2014 (dado antigo, atualidade não confirmada)",imprensa,a confirmar,,,"Descrita como a maior APCEF do país, mas o número encontrado é antigo (~2014) e precisa reconfirmação na fase de enriquecimento. CNPJ e valor de mensalidade não confirmados nesta rodada."
FENAPEF - Federação Nacional dos Policiais Federais,FENAPEF,,2,15000,não informado,"https://sindipoldf.org.br/fenapef/... (via busca, 'representa mais de 15 mil policiais federais em todo o país')",16/09/2026 (data de consulta),imprensa,a confirmar,,,"ALERTA DE NATUREZA JURÍDICA: é uma federação sindical de 2º grau (fundada em 1990), que reúne sindicatos filiados de policiais federais, não uma associação direta de pessoas físicas — provavelmente NÃO se enquadra em 399-9 e deve ser avaliada com cautela na Fase 2 (pode migrar para 'Fora do critério'). Mantida como candidata para triagem."
Associação dos Magistrados Brasileiros,AMB,não encontrado,3,15000,não informado,https://www.amb.com.br/a-amb/,não encontrado,declarado pela entidade,a confirmar,,,"Entidade guarda-chuva que reúne 39 associações regionais de magistrados (27 estaduais, 7 trabalhistas/Amatras, 3 militares e a AJUFE). Fundada em 1949. Cobrança de mensalidade/anuidade não confirmada diretamente para a AMB nacional nesta pesquisa (associados geralmente pagam às associações estaduais filiadas, listadas separadamente). Mesma sigla 'AMB' da Associação Médica Brasileira, mas entidade distinta - cuidado ao consolidar."
AMB - Associação dos Magistrados Brasileiros,AMB,,2,14000,não informado,https://pt.wikipedia.org/wiki/Associação_dos_Magistrados_Brasileiros (agregador; informação capturada via busca),16/09/2026 (data de consulta),imprensa,a confirmar,,,"Fundada em 1949; congrega 39 associações regionais de magistrados (27 estaduais, 7 trabalhistas, 3 militares, 1 federal). Valor de anuidade/mensalidade não localizado nesta pesquisa; site oficial não pôde ser acessado diretamente (bloqueio de rede)."
Associação Atlética Banco do Brasil - São Paulo,AABB-SP,,5,14000,não informado,https://www.aabbsp.com.br/conhecendo-a-aabbsp,sem data explícita; consulta em 2026-09-16,declarado pela entidade,a confirmar,,,"Cada AABB é uma associação juridicamente independente (rede de cerca de 1.000 unidades no Brasil); este registro refere-se especificamente à AABB de São Paulo. CNPJ específico não confirmado nesta pesquisa (há um CNPJ 27.055.565/0001-22 identificado para a AABB do Rio de Janeiro, entidade distinta). POSSÍVEL SOBREPOSIÇÃO com a Categoria 1 (associações de funcionários de bancos) — decisão de categorização final cabe ao orquestrador."
Associação Médica do Rio Grande do Sul,AMRIGS,não encontrado,3,10000,não informado ('cerca de 10 mil sócios no estado'),https://www.amrigs.org.br/institucional/,não encontrado,declarado pela entidade,a confirmar,,,"Fundada em 27/10/1951; filiada à AMB desde 09/11/1954. Site possui página 'Benefícios de ser um Associado', sugerindo existência de cobrança, mas valor não confirmado nesta pesquisa."
Iate Clube do Rio de Janeiro,ICRJ,33.646.654/0001-46,5,10000,inclui dependentes,https://br.linkedin.com/company/iate-clube-do-rio-de-janeiro,sem data explícita; consulta em 2026-09-16,imprensa,a confirmar,,,Aproximadamente 3 mil sócios titulares diretos; somando dependentes chega a cerca de 10 mil pessoas. Possui filiais em Angra dos Reis (CNPJ 33.646.654/0002-27) e Cabo Frio (CNPJ 33.646.654/0003-08). Valor de mensalidade não encontrado.
AOPM - Associação dos Oficiais da Polícia Militar do Estado de São Paulo,AOPM,,2,8000,total cadastrado,"https://aopm.com.br/ (via busca, 'aproximadamente 8.000 associados, 40% civis')",16/09/2026 (data de consulta),declarado pela entidade,a confirmar,,,Fundada em 1931. Resultado de busca indica que 40% dos associados seriam civis — checar composição/critério de admissão no fact-check. Evidência de cobrança não localizada; site não pôde ser acessado diretamente.
Associação dos Eletricitários Aposentados e Pensionistas da Cemig e Subsidiárias,AEA-MG,,1,7000,não informado,"aeamg.org.br (via resultado de busca, texto institucional)","não informado (entidade descrita como tendo 42 anos de atuação, o que situa a informação por volta de 2025)",declarado pela entidade,sim,mensalidade,Busca indica que a associação é mantida por contribuições associativas dos membros; valor específico não encontrado nas buscas realizadas.,Fundada em 29/01/1983 por aposentados da CEMIG. CNPJ não confirmado nesta rodada.
Associação do Pessoal da Caixa Econômica Federal de Minas Gerais,APCEF/MG,17.299.090/0015-61,1,6000,total cadastrado,"apcefmg.org.br, página 'Quem somos' (via resultado de busca)",não informado (consultado em 2026-09-16),declarado pela entidade,sim,mensalidade,"Contribuição de 1% da remuneração mensal bruta, com piso de R$ 85,00 e teto de R$ 180,00 (declarado no site institucional, página 'Associe-se').","Texto da entidade fala em 'mais de 6.000 associados ativos e aposentados, além de seus dependentes' — a contagem não separa claramente titulares de dependentes."
Associação do Pessoal da Caixa Econômica Federal do Paraná,APCEF/PR,,1,6000,total cadastrado,apcefpr.com.br (via resultado de busca),não informado (consultado em 2026-09-16),declarado pela entidade,sim,mensalidade,"Sócio efetivo: piso R$ 68,06 e teto R$ 131,62 (após reajuste de 10,92% noticiado no site); sócio-família R$ 143,00 (com dependentes) ou R$ 78,00 (sem dependentes); sócio contribuinte R$ 236,00 (fonte: apcefpr.com.br, notícia 'Mensalidades dos associados são atualizadas').","'Quase 6 mil associados' somando as categorias efetivo, contribuinte e sócio-família — número é base combinada, não apenas titulares ativos."
"Associação dos Aposentados, Pensionistas e Empregados da Chesf e da Fachesf",APOSCHESF,,1,4500,não informado,aposchesf.com.br / aposchesf.org.br (via resultado de busca),não informado (consultado em 2026-09-16),declarado pela entidade,sim,mensalidade,"Busca indica que a associação é 'financiada por mensalidades e doações'; valor específico da mensalidade não encontrado. Fundada em setembro de 1985 (originalmente como ASF), sede em Recife/PE.","'Cerca de 4.500 associados em nove Diretorias Regionais' é a fonte mais recente encontrada; uma fonte mais antiga mencionava cerca de 5.500 — divergência não explicada nas buscas realizadas, marcar para fact-check. CNPJ não confirmado."
Associação Nacional das Procuradoras e dos Procuradores Municipais,ANPM,não encontrado,3,4000,não informado,https://anpm.com.br/conheca,2017,declarado pela entidade,a confirmar,,,"Dado de associados é de 2017, portanto desatualizado; recomenda-se confirmar número atual na Fase 3."
Associação Nacional dos Magistrados da Justiça do Trabalho,ANAMATRA,não encontrado,3,3500,não informado,https://www.anamatra.org.br/,não encontrado,declarado pela entidade,a confirmar,,,"Entidade nacional de juízes do trabalho; filiação ocorre via associações regionais (Amatras), como a AMATRA XV listada nesta mesma planilha."
Associação Paulista de Magistrados,APAMAGIS,"não encontrado (fonte associada a CNPJ de filial 62.636.444/0003-37, não confirmado como matriz)",3,3500,"não informado (outra fonte cita aproximadamente 3,2 mil)",https://apamagis.org.br/a-apamagis/,não encontrado,declarado pela entidade,a confirmar,,,"Descrita como a maior associação estadual de magistrados do Brasil, reunindo juízes e desembargadores de São Paulo. Fundada em 19/02/1953 como Sociedade Beneficente de Magistrados; renomeada em 1963."
ADPESP - Associação dos Delegados de Polícia do Estado de São Paulo,ADPESP,62.639.711/0001-68,2,3000,total cadastrado,"Resultado de busca citando posse de nova diretoria ('representando mais de três mil delegados associados'), cruzado com https://www.adpesp.org.br/historia",16/09/2026 (data de consulta),imprensa,sim,mensalidade,"Art. 15 do Estatuto da ADPESP: contribuição associativa mensal corresponde a 2% dos vencimentos e vantagens da classe inicial de Delegado de Polícia (50% para mútua assistência, 7,5% para assistência odontológica). Fonte: resultado de busca sobre adpesp.org.br, 16/09/2026.",Entidade se apresenta como a maior e mais antiga associação de delegados de polícia estaduais do país (fundada em 1949).
ADPF - Associação Nacional dos Delegados de Polícia Federal,ADPF,00.435.602/0001-71,2,2000,não informado,https://web.adpf.org.br/sobre-a-adpf/ (via busca),16/09/2026 (data de consulta),declarado pela entidade,sim,mensalidade,"Mensalidade de R$ 55,00, paga via boleto bancário ou débito em conta no BRB. Fonte: https://web.adpf.org.br/sobre-a-adpf/ (via busca), 16/09/2026.",Fundada em 1976; possui diretorias regionais em todos os estados e no DF.
Associação dos Magistrados Mineiros,AMAGIS,não encontrado,3,2000,quase 2 mil associados da Justiça Estadual (não informa se inclui aposentados/pensionistas),https://amagis.com.br/historico,não encontrado,declarado pela entidade,a confirmar,,,"Descrita como a segunda maior entidade representativa de magistrados da América Latina, segundo fonte consultada. Organizada em 27 seccionais regionais em Minas Gerais."
Associação dos Juízes Federais do Brasil,AJUFE,não encontrado,3,1500,"não informado (fonte cita também 1.107 associados que votaram na eleição de diretoria do biênio 2024-2026, de um total declarado 'mais de 1.500')",https://www.ajufe.org.br/imprensa/noticias/18454-juizes-e-juizas-federais-elegem-diretoria-da-ajufe-para-bienio-2024-2026,2024,declarado pela entidade,a confirmar,,,"Reúne juízes federais, incluindo ministros do STF/STJ e desembargadores de TRFs como associados, segundo fonte consultada."
"Associação dos Empregados, Ex-Empregados, Aposentados e Pensionistas de Furnas, Eletrobras e Axia",ASEF,27.004.357/0001-02,1,1300,não informado,asef.com.br / econodata.com.br (via resultado de busca),não informado (consultado em 2026-09-16),declarado pela entidade,sim,mensalidade,"Para aposentados e pensionistas, contribuição mensal de 0,8% do complemento de benefício pago pela Fundação Real Grandeza (FRG), descontada diretamente do benefício (fonte: estatuto da ASEF, asef.com.br).","Fundada em 05/02/1982, sede no Rio de Janeiro. '+1.300 associados de aproximadamente 2.800 empregados' — a base pode se referir só a empregados ativos elegíveis, e não ao total de aposentados representados; base de contagem incerta, sinalizar para fact-check."
ANPR - Associação Nacional dos Procuradores da República,ANPR,,2,1200,não informado,"https://www.anpr.org.br/anpr/historia (via busca, 'mais de 1,2 mil membros')",16/09/2026 (data de consulta),declarado pela entidade,a confirmar,,,Fundada em 1973; representa membros do Ministério Público Federal. Evidência de cobrança não localizada nesta pesquisa.
Associação Nacional dos Procuradores da República,ANPR,não encontrado,3,1200,não informado,https://www.anpr.org.br/anpr/historia,não encontrado,declarado pela entidade,a confirmar,,,Fundada em 22/09/1973. Representa membros do Ministério Público Federal (procuradores da República).
APCF - Associação Nacional dos Peritos Criminais Federais,APCF,33.521.352/0001-41,2,1000,não informado,"https://apcf.org.br/quem-somos/a-associacao/ (via busca, 'mais de mil membros')",16/09/2026 (data de consulta),declarado pela entidade,sim,mensalidade,"Site orienta o associado a autorizar no SIGEPE o desconto em folha da mensalidade associativa. Fonte: https://apcf.org.br/quem-somos/associe-se/ (via busca), 16/09/2026.",Fundada em 1989; sede em Brasília.
Fusca Clube do Brasil,,71.583.447/0001-89,6,600,titulares ativos,https://www.maxicar.com.br/2025/05/fusca-clube-do-brasil-40-anos-de-historia/,2026-09-16,imprensa,sim,anuidade,Fonte (Maxicar) informa anuidade de R$ 320 e taxa de inscrição de R$ 130 para associação.,"Clube de proprietários/colecionadores de Volkswagen Fusca, fundado em 28/05/1985. Registrado como Associação Privada (CNPJ). Número de associados (~600 a 800, variando conforme a fonte e o ano) é pequeno em escala nacional comparado a outras categorias, mas incluído por atender ao critério de clube de marca com sócios pagantes."
Associação dos Magistrados da Justiça do Trabalho da 15ª Região,AMATRA XV,não encontrado,3,480,"inclui juízes/desembargadores ativos, substitutos, aposentados e pensionistas de associados falecidos - base ampla, não apenas titulares ativos",https://amatraxv.org.br/amatra-xv/sobre,não encontrado,declarado pela entidade,a confirmar,mensalidade,Estatuto/normas internas mencionam autorização para desconto em folha de pagamento do tribunal referente à 'mensalidade devida à associação'.,Jurisdição da 15ª Região da Justiça do Trabalho (Campinas e interior de São Paulo). Filiada à ANAMATRA.
AUDICON - Associação Nacional dos Ministros e Conselheiros Substitutos dos Tribunais de Contas,AUDICON,,2,109,não informado,https://www.audicon.org.br/institucional/ (via busca),16/09/2026 (data de consulta),declarado pela entidade,sim,mensalidade,"Estatuto: mensalidade aprovada pela Assembleia Geral por proposta da Diretoria; associação torna-se efetiva mediante pagamento da primeira mensalidade. Fonte: https://www.audicon.org.br/estatuto/ (via busca), 16/09/2026.","Congrega Auditores/Ministros e Conselheiros Substitutos dos Tribunais de Contas (TCU e TCEs). Base pequena de associados (109) em relação às demais candidatas - provável corte no ranking por volume, mas mantida como registro completo."
Associação Nacional dos Funcionários do Banco do Brasil,ANABB,01.634.054/0001-71,1,,,,,,a confirmar,,,"CNPJ confirmado via busca (informecadastral.com.br); fundada em 1986, sede em Brasília/DF. Origem do projeto XIPP (reunião com a ANABB). Número de associados e cobrança de mensalidade não confirmados nas buscas realizadas nesta rodada; site institucional (anabb.org.br) não pôde ser acessado diretamente (bloqueio de rede no ambiente de pesquisa)."
Associação dos Aposentados e Funcionários do Banco do Brasil,AAFBB,não encontrado,1,,não informado,não encontrado,não encontrado,imprensa,a confirmar,outra,não encontrado,"Site institucional https://aafbb.org.br/site/ localizado via busca. Provável sobreposição com universo já coberto pelo agente da categoria 1 (associações de funcionários de bancos/estatais, ex. ANABB/AFABB) — registrar aqui apenas para garantir que não seja um gap; deduplicar no orquestrador."
Associação dos Funcionários Aposentados e Pensionistas do Banco do Brasil de Santa Catarina,AFABB-SC,,1,,,,,,a confirmar,,,"Site oficial localizado (afabbsc.org.br). CNPJ, número de associados e evidência de cobrança não levantados nesta rodada por limite de buscas."
Associação dos Aposentados e Pensionistas do Banco do Brasil no Paraná,AFABB-PR,,1,,,,,,a confirmar,,,"Site oficial localizado (afabbpr.com.br). CNPJ, número de associados e evidência de cobrança não levantados nesta rodada por limite de buscas."
"Associação dos Funcionários, Aposentados e Pensionistas do Banco do Brasil no Distrito Federal",AFABB-DF,,1,,,,,,a confirmar,,,"Site oficial localizado (afabbdf.org.br). CNPJ, número de associados e evidência de cobrança não levantados nesta rodada por limite de buscas."
Associação dos Engenheiros da Petrobrás,AEPET,34.131.870/0001-11,4,,não informado,não encontrado,não encontrado,não encontrado,a confirmar,não encontrado,não encontrado,"Fundada em 17/10/1961 (antiga AEPERG, renomeada em 1975), conforme site institucional aepet.org.br. Quadro social inclui engenheiros ativos e aposentados do sistema Petrobras — associação predominantemente profissional/categoria (sobreposição com categoria 1 e 3), não exclusiva de aposentados. Possui núcleos regionais (ex.: AEPET-BA)."
Associação de Pessoal da Caixa Econômica Federal da Bahia,APCEF/BA,,1,,,,,,sim,mensalidade,"Mensalidade de 1% do salário bruto, com teto de R$ 192,00, descontada em folha de pagamento (declarado no site institucional, seção 'Associe-se', apcefba.org.br).",CNPJ e número de associados não confirmados nas buscas realizadas.
Associação do Pessoal da Caixa Econômica Federal de Pernambuco,APCEF/PE,,1,,,,,,a confirmar,,,"Site oficial localizado (apcefpe.org.br). CNPJ, número de associados e mensalidade não confirmados nas buscas realizadas."
Associação do Pessoal da Caixa Econômica Federal do Ceará,APCEF/CE,07.343.346/0001-31,1,,,,,,sim,mensalidade,"Mensalidade de R$ 150,00 (categoria de sócio 'cooperados') e taxa de admissão de R$ 600,00, declarado no site institucional (apcefce.org.br). Fundada em 01/05/1949, sede em Fortaleza/CE.",Número de associados não confirmado. O valor encontrado é de uma categoria específica de sócio; pode haver outras faixas não capturadas nesta busca.
Associação do Pessoal da Caixa Econômica Federal da Paraíba,APCEF/PB,,1,,,,,,sim,mensalidade,"Mensalidade de 2% do salário padrão, com teto de R$ 141,00 (declarado no site institucional, seção 'Associe-se', apcefpb.org.br).",CNPJ e número de associados não confirmados nesta rodada.
Associação do Pessoal da Caixa Econômica Federal do Espírito Santo,APCEF/ES,,1,,,,,,sim,mensalidade,"Mensalidade de 1% do salário base, com vencimento no dia 20 de cada mês (declarado no site institucional, seção 'Associe-se', apcefes.org.br).",CNPJ e número de associados não confirmados nesta rodada.
Associação do Pessoal da Caixa Econômica Federal do Rio Grande do Sul,APCEF/RS,,1,,,,,,a confirmar,,,"Site institucional localizado (apcefrs.org.br); há também domínio 'apcefriograndedosul.com.br' — confirmar qual é o oficial na fase de consolidação. CNPJ, número de associados e mensalidade não levantados nesta rodada."
Associação do Pessoal da Caixa Econômica Federal do Distrito Federal,APCEF/DF,,1,,,,,,a confirmar,,,"Site institucional localizado (apcefdf.org.br), com página de estatuto publicada. Número de associados, CNPJ e mensalidade não levantados nesta rodada."
Associação do Pessoal da Caixa Econômica Federal do Acre,APCEF/AC,,1,,,,,,a confirmar,,,"Site institucional localizado (apcefac.org.br), com página 'Associe-se'. Demais dados não levantados nesta rodada."
Associação do Pessoal da Caixa Econômica Federal do Pará,APCEF/PA,04.857.033/0001-03,1,,,,,,a confirmar,,,CNPJ obtido de fonte agregadora localizada em busca (não confirmado diretamente no site oficial apcefpa.org.br por limite de buscas nesta rodada); validar via BrasilAPI/Receita Federal na fase de consolidação. Número de associados e mensalidade não confirmados.
"Associação dos Funcionários da Copel, Aposentados e Pensionistas da Fundação Copel",,77.739.506/0001-41,1,,,,,,a confirmar,,,"Fonte: Mapa das OSC (mapaosc.ipea.gov.br), registro consultado até 12/03/2025. Vinculada à Fundação Copel (entidade fechada de previdência complementar) — atenção: o benefício previdenciário é operado pela Fundação Copel, não pela associação em si (relevante para a coluna 'fundação vinculada' na fase de enriquecimento). Número de associados e mensalidade não confirmados. Há entidades correlatas (APC – Associação de Profissionais da Copel; NovaAPC) mencionadas nas buscas que podem ser candidatas adicionais, não aprofundadas por limite de buscas."
"Associação dos Aposentados, Pensionistas e Servidores da Extinta Caixa Econômica Estadual do Rio Grande do Sul",,93.235.224/0001-63,1,,,,,,a confirmar,,,"Fundada em 07/12/1989, sede em Porto Alegre/RS. Representa aposentados/pensionistas/servidores da extinta Caixa Econômica Estadual do RS (banco estadual incorporado). Número de associados e mensalidade não confirmados nesta rodada."
Após Furnas,,,1,,,,,,a confirmar,,,"Site institucional localizado (aposfurnas.org.br), aparentemente distinto da ASEF, também ligado a aposentados de Furnas Centrais Elétricas/Eletrobras. Nome institucional completo, CNPJ, número de associados e mensalidade não confirmados — checar duplicidade com ASEF na fase de consolidação."
Associação Nacional dos Aposentados dos Correios,AAC Nacional,não encontrado,4,,não informado,não encontrado,não encontrado,não encontrado,a confirmar,não encontrado,não encontrado,"Site institucional localizado: aacnacional.org. Existem também associações estaduais afiliadas (ex.: AAC — Associação dos Aposentados e Aposentáveis dos Correios, aac.org.br; ARACT-SP; AMAPAC-MG) que podem ser candidatas adicionais em nível estadual."
"Associação dos Aposentados, Aposentáveis e Pensionistas dos Correios de Santa Catarina",AAPSC,00.137.953/0001-04,1,,,,,,a confirmar,,,Sede em Florianópolis/SC. Número de associados e mensalidade não confirmados nas buscas realizadas.
Associação Mineira dos Aposentados e Pensionistas dos Correios,AMAPEC/MG,,1,,,,,,a confirmar,,,"Identificada via Mapa das OSC (mapaosc.ipea.gov.br). CNPJ, número de associados e mensalidade não confirmados nesta rodada."
"Associação Nacional de Empregados e Ex-Empregados das Empresas do Sistema Petrobras e Sucessoras, Participantes e Assistidos da Petros",APAPE,04.931.011/0001-46,1,,,,,,a confirmar,,,"Site institucional com página 'Associe-se' (apape.org.br/associe-se/), o que sugere cobrança, mas o valor específico não foi encontrado nas buscas. Número de associados não confirmado."
Associação dos Aposentados e Pensionistas do Sistema Petrobras no Nordeste,ASPENE,,1,,,,,,a confirmar,,,"Entidade identificada em Sergipe (referência via processos judiciais no Jusbrasil). CNPJ, número de associados e mensalidade não confirmados — candidata fraca, requer aprofundamento em próxima fase."
Associação dos Funcionários Aposentados do Banco do Nordeste do Brasil,AABNB,,1,,,,,,a confirmar,,,"Site institucional localizado (aabnb.com.br). CNPJ, número de associados e mensalidade não confirmados nesta rodada."
Associação dos Aposentados e Pensionistas da Sabesp,AAPS,61.391.504/0001-74,1,,,,,,sim,mensalidade,"Aposentados e pensionistas pagam 0,6% da remuneração bruta (benefício do INSS somado à complementação Sabesp/Sabesprev), com teto de R$ 100,32 (declarado no site institucional, aaps.com.br/associese.asp).",Número de associados não confirmado nas buscas realizadas.
"Associação dos Aposentados, Pensionistas e Empregados das Empresas Patrocinadoras da Valia",APOSVALE,,1,,,,,,a confirmar,,,"Fundada em 25/01/1985 no Rio de Janeiro, por ex-empregados da Companhia Vale do Rio Doce, vinculada à Valia (fundo de pensão da Vale). CNPJ, número de associados e mensalidade não confirmados — candidata relevante dado o porte da Vale, requer aprofundamento em próxima fase."
ANFIP - Associação Nacional dos Auditores Fiscais da Receita Federal do Brasil,ANFIP,,2,,não informado,,,declarado pela entidade,a confirmar,,,"Entidade histórica (fundada em 1950) de auditores fiscais da Receita Federal, com categorias de associados efetivos (ativos e aposentados) e participantes (dependentes de pensionistas), conforme https://www.anfip.org.br/quem-somos/ (consultado via busca em 16/09/2026). Número de associados e valor de mensalidade não localizados nesta pesquisa; site institucional não pôde ser acessado diretamente (bloqueio de rede)."
Unafisco Nacional - Associação Nacional dos Auditores Fiscais da Receita Federal do Brasil,UNAFISCO NACIONAL,,2,,não informado,,,documento oficial,sim,mensalidade,Estatuto da Unafisco (art. sobre deveres dos associados): 'todos os associados são obrigados a contribuir com a mensalidade fixada anualmente em Assembleia Geral' - https://unafiscohml.compubusiness.com.br/wp-content/uploads/2020/09/ESTATUTO-DA-UNAFISCO.pdf (consultado via busca em 16/09/2026),"Representa a mesma categoria profissional da ANFIP (auditores fiscais da Receita Federal do Brasil), possivelmente com perfil mais sindical. Número de associados não localizado nesta pesquisa."
AJUFE - Associação dos Juízes Federais do Brasil,AJUFE,13.971.668/0001-28,2,,não informado,,,declarado pela entidade,a confirmar,,,"Fundada em 1972; reúne juízes federais de 1ª e 2ª instância e ministros do STJ/STF. Estatuto prevê que a Assembleia Geral fixa condições de associação e taxas de admissão, mas valor específico não localizado. Fonte CNPJ: resultado de busca (jusbrasil/site institucional), consultado 16/09/2026."
CONAMP - Associação Nacional dos Membros do Ministério Público,CONAMP,,2,,não informado,,,declarado pela entidade,a confirmar,,,"Representa membros do Ministério Público da União e dos Estados (ativos e inativos); possui categorias de membros efetivos, agregados (pensionistas) e entidades afiliadas. Mudou de natureza jurídica para associação nacional em 2000, mantendo a sigla CONAMP (histórico anterior como confederação de associações estaduais)."
ANAPE - Associação Nacional dos Procuradores dos Estados e do Distrito Federal,ANAPE,89.137.863/0001-19,2,,não informado,,,declarado pela entidade,a confirmar,,,Fundada em 1983; em 1999 deixou de ser associação de associações e passou a ter identidade nacional própria. Número de associados e evidência de cobrança não localizados; página institucional (anape.org.br) não pôde ser acessada diretamente (bloqueio de rede).
AFRESP - Associação dos Auditores Fiscais da Receita Estadual de São Paulo,AFRESP,62.635.990/0028-01,2,,não informado,,,declarado pela entidade,sim,mensalidade,"Página 'Associe-se' do site oficial menciona pagamento da mensalidade por autorização de débito em conta ou débito automático. Fonte: https://afresp.org.br/associe-se/ (via busca), 16/09/2026.",Fundada em 1999; restrita a Agentes Fiscais de Rendas do Estado de São Paulo.
"AOPP - Associação dos Oficiais, Praças e Pensionistas da Polícia Militar do Estado de São Paulo",AOPP,11.006.030/0001-21,2,,não informado,,,declarado pela entidade,a confirmar,,,"Fundada em 2009; associação sem fins lucrativos que representa oficiais e praças da PM/SP e pensionistas. CNPJ localizado corresponde ao nome 'Associação dos Oficiais, Praças e Pensionistas da Polícia Militar do Estado de São Paulo' via mapaosc.ipea.gov.br; confirmar correspondência exata com a sigla AOPP no fact-check."
DEFENDA PM - Associação de Oficiais Militares do Estado de São Paulo em Defesa da Polícia Militar,DEFENDA PM,,2,,não informado,,,declarado pela entidade,sim,mensalidade,"Resultado de busca indica que 'a receita da entidade advém unicamente da mensalidade paga pelos associados'. Fonte: https://defendapm.org.br/QuemSomos.aspx (via busca), 16/09/2026.",Fundada em 01/09/2016.
AMESP - Associação dos Militares Estaduais de São Paulo,AMESP,,2,,não informado,,,declarado pela entidade,a confirmar,,,Localizada via amesp-sp.org.br. Número de associados e evidência de cobrança não localizados nesta pesquisa.
ASPRA/PMBM - Associação dos Praças Policiais e Bombeiros Militares de Minas Gerais,ASPRA/PMBM-MG,,2,,não informado,,,declarado pela entidade,a confirmar,,,"Associação exclusiva de praças (cabos, soldados, sargentos) da PM e Corpo de Bombeiros de MG, fundada em 1967, com mais de 50 anos de existência."
AOPMBM/MG - Associação dos Oficiais da Polícia Militar e do Corpo de Bombeiros Militar de Minas Gerais,AOPMBM/MG,,2,,não informado,,,declarado pela entidade,a confirmar,,,Fundada em 1999; congrega oficiais da PM e do Corpo de Bombeiros Militar de MG.
"ABMRJ - Associação dos Bombeiros Militares do CBMERJ, seus Familiares e Amigos no Estado do Rio de Janeiro",ABMRJ,16.103.035/0001-96,2,,não informado,,,declarado pela entidade,a confirmar,,,Localizada via mapaosc.ipea.gov.br. Número de associados e evidência de cobrança não localizados.
Associação de Oficiais Militares Ativos e Inativos da Polícia Militar e do Corpo de Bombeiros do Estado do Rio de Janeiro,,29.507.506/0001-73,2,,não informado,,,declarado pela entidade,a confirmar,,,Fundada em 20/06/1977. Sigla não identificada nesta pesquisa.
AME/RJ - Associação de Oficiais Militares Estaduais do Rio de Janeiro,AME/RJ,,2,,não informado,,,declarado pela entidade,a confirmar,,,"Entidade de âmbito estadual que representa oficiais da PM e do Corpo de Bombeiros Militar do RJ, com categorias de sócios efetivos, contribuintes e especiais (alunos de escolas de formação de oficiais). Número de associados e mensalidade não localizados; site amerj.net.br não pôde ser acessado diretamente."
AME-MS - Associação dos Militares Estaduais de Mato Grosso do Sul,AME-MS,,2,,não informado,,,declarado pela entidade,a confirmar,,,Localizada via amems.net.br. Sem dados adicionais nesta pesquisa.
AMEBRASIL - Associação dos Militares Estaduais do Brasil,AMEBRASIL,,2,,não informado,,,declarado pela entidade,a confirmar,,,"Nome sugere entidade de âmbito nacional que pode congregar associações estaduais (possível caráter de federação, não de associação direta de pessoas físicas) — checar natureza jurídica exata (399-9 ou outra) no fact-check."
ASMEAP - Associação dos Servidores Militares Estaduais do Amapá,ASMEAP,,2,,não informado,,,declarado pela entidade,a confirmar,,,Localizada via asmeap.com. Sem dados adicionais nesta pesquisa.
"AMERRPE - Associação dos Militares Estaduais da Reserva Remunerada, Reformados e Pensionistas PM/BM do Estado de Pernambuco",AMERRPE,,2,,não informado,,,declarado pela entidade,a confirmar,,,"Associação voltada a militares estaduais da reserva remunerada, reformados e pensionistas de PM/BM de Pernambuco (possível sobreposição com categoria 4 - aposentados/pensionistas)."
ASSOFEPAR,ASSOFEPAR,,2,,não informado,,,declarado pela entidade,a confirmar,,,Localizada via assofepar.org.br (associação de segurança pública do Paraná); nome completo e categoria de servidores representados não confirmados nesta pesquisa - checar no fact-check.
Associação dos Militares Estaduais do Pará,,,2,,não informado,,,declarado pela entidade,a confirmar,,,"Site (acspa.com.br) se autodenomina 'a maior associação de segurança pública do PA' - afirmação autodeclarada, não confirmada por fonte externa nesta pesquisa. Sigla exata (possivelmente ACSPA) não confirmada."
ASPRA-ES - Associação das Praças da Polícia Militar e Corpo de Bombeiros Militar do Espírito Santo,ASPRA-ES,,2,,não informado,,,declarado pela entidade,a confirmar,,,Localizada via aspraes.com.br. Sem dados adicionais nesta pesquisa.
Associação de Praças PM/BM-RJ,ASPRA-RJ,,2,,não informado,,,declarado pela entidade,a confirmar,,,Localizada via asprarj.com.br. Sem dados adicionais nesta pesquisa.
"ANASPS - Associação Nacional dos Servidores Públicos, da Previdência e da Seguridade Social",ANASPS,,2,,não informado,,,declarado pela entidade,a confirmar,,,"Representa servidores da Previdência/INSS e da Seguridade Social (categoria diretamente relevante para 'servidores do INSS' citada no escopo). ALERTA: dada sua base de associados incluir aposentados/pensionistas do serviço público, recomenda-se checagem específica no fact-check quanto a eventual menção em investigações de descontos associativos indevidos do INSS - nesta pesquisa não foi encontrada menção direta à ANASPS na lista de entidades investigadas pela CGU/AGU (que cita Ambec, Sindinapi/FS, AAPB, Aapen, Contag, AAPPS Universo, Unaspub, Conafer, Apdap Prev, ABCB/Amar Brasil e CAAP - nenhuma delas é associação de servidores públicos da categoria 2, e sim de aposentados/pensionistas em geral, categoria 4)."
ASBAC - Associação dos Servidores do Banco Central,ASBAC,,2,,não informado,,,declarado pela entidade,a confirmar,,,"Estrutura regionalizada, com entidades próprias por praça (ASBAC-DF/Brasília, ASBAC-RJ, ASBAC Salvador, ASBAC-SP, ASBAC Porto Alegre), sem CNPJ nacional único identificado nesta pesquisa. Checar no fact-check se há entidade nacional guarda-chuva ou se cada regional deve ser candidata separada."
Associação Nacional dos Membros do Ministério Público,CONAMP,não encontrado,3,,não informado,não encontrado,não encontrado,não encontrado,a confirmar,,,"Entidade nacional que reúne associações estaduais e federais de membros do Ministério Público como afiliadas (ex.: APMP, AMPERJ). Número de associados próprio e valor de anuidade não encontrados nesta pesquisa."
Associação Paulista do Ministério Público,APMP,61.278.818/0026-13 (não confirmado se é CNPJ da matriz ou de filial),3,,não informado,não encontrado,não encontrado,não encontrado,a confirmar,,,Fundada em 26/11/1938. Reúne membros do Ministério Público do Estado de São Paulo. Número de associados e valor de anuidade não encontrados nesta pesquisa.
Associação Brasileira de Odontologia - Seção Rio de Janeiro,ABO-RJ,não encontrado,3,,não informado,não encontrado,não encontrado,não encontrado,a confirmar,,,Seção estadual filiada à ABO nacional. Dados de associados e mensalidade não encontrados nesta pesquisa; candidata a enriquecimento na Fase 3.
Instituto de Engenharia,IE,não encontrado,3,,não informado,não encontrado,não encontrado,não encontrado,a confirmar,,,"Fundado em 1916, em São Paulo/SP. Sociedade civil sem fins lucrativos de engenheiros e profissionais correlatos. Site tem seção 'Associe-se', sugerindo cobrança, mas número de associados e valor não encontrados."
Clube de Engenharia,,33.489.469/0001-95,3,,não informado,não encontrado,não encontrado,não encontrado,a confirmar,,,"Fundado em 1880 no Rio de Janeiro/RJ; descrito como a mais antiga sociedade de engenheiros e profissionais de nível superior registrados nos CREAs da América Latina. Site tem página 'Desconto Para Sócios', sugerindo quadro associativo pagante, mas número de sócios e valor de mensalidade não encontrados."
Instituto dos Auditores Independentes do Brasil,IBRACON,00.319.871/0002-53 (fonte não deixa claro se é matriz ou filial),3,,não informado,não encontrado,não encontrado,não encontrado,a confirmar,,,Fundado em 1971. Reúne auditores independentes e contadores. 32.638 seguidores no LinkedIn (não é contagem oficial de associados). Número de associados e anuidade não encontrados nesta pesquisa.
Associação dos Juízes do Rio Grande do Sul,AJURIS,não encontrado,3,,Mapa das OSC (IPEA) registra o campo de associados como 'não informado',https://mapaosc.ipea.gov.br/detalhar/1288002,não encontrado,documento oficial,a confirmar,,,Fundada em 11/08/1944. Congrega magistrados do Estado do Rio Grande do Sul.
Sociedade Médica do Estado do Rio de Janeiro,SOMERJ,não encontrado,3,,não informado,não encontrado,não encontrado,não encontrado,a confirmar,,,"Criada em 01/09/1984 na II Reunião de Médicos do Estado do RJ, com adesão de entidades como AMB, SMCRJ, AMF e AMERJ. Possível federada da AMB no Rio de Janeiro; confirmar na Fase 2/3 se é a mesma entidade referida como 'AMERJ' em algumas fontes. Número de associados e anuidade não encontrados."
Associação Brasileira de Enfermagem,ABEn,não encontrado,3,,"entidade declara ter número ilimitado de associados, organizados por Seções Federadas estaduais e no DF, sem total nacional consolidado divulgado",https://abennacional.org.br/,não encontrado,declarado pela entidade,a confirmar,,,Estrutura federativa nacional de enfermeiros.
Instituto dos Advogados Brasileiros,IAB,não encontrado,3,,"sem total consolidado publicado; associados divididos em efetivos, honorários e beneméritos, em número ilimitado segundo estatuto",https://iabnacional.org.br/nossos-associados/,14/05/2026 (última atualização da lista de associados na página consultada),declarado pela entidade,a confirmar,,,"Entidade histórica de advogados, distinta da OAB (categoria 7 desta pesquisa)."
Associação do Ministério Público do Estado do Rio de Janeiro,AMPERJ,não encontrado,3,,"não informado (fonte cita apenas ingresso de 37 novos associados após posse do 37º concurso, em out/2024)",https://www.amperj.org/blog/2024/10/10/amperj-recebe-37-novos-associados-apos-posse-do-37o-concurso/,10/10/2024,declarado pela entidade,a confirmar,,,"Fundada em 24/04/1947. Possui categorias de associados titulares (ativos e inativos), honorários e beneméritos."
Associação Médica de Minas Gerais,AMMG,não encontrado,3,,não informado,não encontrado,não encontrado,não encontrado,sim,anuidade,"Página oficial 'Anuidade AMMG' (ammg.org.br/anuidade-ammg) informa anuidade 2026 do SAMMG (departamento da AMMG) no valor de R$ 174,80.",Fundada em 19/01/1946. Representa a classe médica de Minas Gerais e é federada à AMB. Número de associados não encontrado nesta pesquisa.
Associação Nacional dos Procuradores dos Estados e do Distrito Federal,ANAPE,não encontrado,3,,sem total nacional consolidado; fonte cita apenas dados regionais (188 novos filiados em São Paulo; cerca de 120 associados na Apeam/Amazonas),https://anape.org.br/noticias/188-procuradores-do-estado-de-sao-paulo-filiam-se-a-anape-logo-apos-tomarem-posse,não encontrado,declarado pela entidade,a confirmar,,,"Entidade nacional de procuradores de estados e do DF; filiação ocorre via associações estaduais (ex.: APEP-PR, Apeminas-MG, APEPA-PA)."
Associação dos Magistrados da Paraíba,AMPB,09.169.871/0001-08,3,,não informado,não encontrado,não encontrado,não encontrado,a confirmar,,,"Associação estadual de magistrados da Paraíba, filiada à Associação dos Magistrados Brasileiros (AMB). Número de associados e anuidade não encontrados."
Sociedade Brasileira de Cardiologia,SBC,"31.444.094/0001-11 (outra fonte cita 31.444.094/0002-00, possível filial; matriz não confirmada com certeza)",3,,não informado,não encontrado,não encontrado,não encontrado,a confirmar,,,"Fundada em 1943. Possui categorias de associados (Aspirante, Efetivo, Residente, Colaborador) e sistema de cobrança de anuidade (residentes do 1º ano são isentos, segundo fonte), mas número total de associados e valor da anuidade não encontrados."
Associação Bahiana de Medicina,ABM,não encontrado,3,,não informado,não encontrado,não encontrado,não encontrado,a confirmar,,,"Fundada em 11/10/1942, federada à Associação Médica Brasileira (AMB). Número de associados e anuidade não encontrados nesta pesquisa."
Associação Médica do Paraná,AMP,não encontrado,3,,não informado,não encontrado,"não encontrado (artigo consultado menciona '87 anos de fundação', o que sugere publicação por volta de 2020)",não encontrado,a confirmar,,,Fundada em 1933. Presente em cerca de 20 regionais ativas no Paraná. Número de associados e anuidade não encontrados nesta pesquisa.
"Associação de Suporte Assistencial e Beneficente para Aposentados, Servidores e Pensionistas do Brasil",ASABASP Brasil,41.034.197/0001-67,4,,não informado,não encontrado,não encontrado,não encontrado,sim,mensalidade,"Citada no ranking de descontos associativos do INSS com R$ 7,9 milhões arrecadados — Metrópoles, 'Entidades já somam R$ 1,5 bi em descontos do INSS no ano. Veja ranking' (2024)","ALERTA REPUTACIONAL: uma das entidades citadas na lista de 12 entidades investigadas pela CGU/PF na Operação Sem Desconto (2025) — fontes: Poder360 'INSS investiga 12 entidades por descontos indevidos em benefícios', CartaCapital e TNH1 (abr/2025). Fundada em 2021, segundo site institucional asabasp.org."
Rede Ibero-Americana de Associações de Idosos do Brasil,RIAAM Brasil,09.100.605/0001-29,4,,não informado,não encontrado,não encontrado,não encontrado,sim,mensalidade,"Citada no ranking de descontos associativos do INSS com R$ 7,8 milhões arrecadados — Metrópoles, 'Entidades já somam R$ 1,5 bi em descontos do INSS no ano. Veja ranking' (2024); referida como uma das entidades com Acordo de Cooperação Técnica (ACT) com o INSS","ALERTA REPUTACIONAL: citada no contexto da CPMI do INSS e da Operação Sem Desconto (PF/CGU, 2025) entre as entidades com ACT junto ao INSS para desconto associativo em folha de benefício."
"Associação Brasileira dos Aposentados, Pensionistas e Idosos",ASBRAPI,41.191.842/0001-55,4,,não informado,não encontrado,não encontrado,não encontrado,sim,mensalidade,"Citada no ranking de descontos associativos do INSS com R$ 5,4 milhões arrecadados — Metrópoles, 'Entidades já somam R$ 1,5 bi em descontos do INSS no ano. Veja ranking' (2024)","ALERTA REPUTACIONAL: uma das entidades citadas na lista de 12 entidades investigadas pela CGU/PF na Operação Sem Desconto (2025) — fontes: Poder360, CartaCapital, TNH1 (abr/2025)."
Associação no Brasil de Aposentados e Pensionistas da Previdência Social,AP Brasil,41.001.558/0001-79,4,,não informado (apenas taxa de filiação divulgada),não encontrado,não encontrado,não encontrado,sim,mensalidade,"CNN Brasil, 'Associação envolvida em fraude do INSS filiou 1.500 aposentados por hora' — relatório da CGU aponta filiação de até 1.500 aposentados por hora e arrecadação de R$ 39 milhões em 2024 via descontos associativos em benefícios do INSS","ALERTA REPUTACIONAL: entidade fundada em Nova Iguaçu (RJ) em 2021; uma das entidades investigadas na Operação Sem Desconto (PF/CGU, 2025); CPMI do INSS quebrou o sigilo da entidade, segundo reportagens (2025)."
Centro de Estudos dos Benefícios dos Aposentados e Pensionistas,CEBAP,não encontrado,4,,não informado,não encontrado,não encontrado,não encontrado,sim,mensalidade,Acordo de Cooperação Técnica (ACT) com o INSS firmado em 2022 para desconto associativo — citado em listagem oficial reproduzida por Poder360 e CartaCapital (2025),"ALERTA REPUTACIONAL: uma das 12 entidades investigadas pela CGU/PF na Operação Sem Desconto (2025) — fontes: Poder360 'INSS investiga 12 entidades por descontos indevidos em benefícios', CartaCapital, TNH1 (abr/2025)."
Caixa de Assistência aos Aposentados e Pensionistas,CAAP,não encontrado,4,,não informado,não encontrado,não encontrado,não encontrado,sim,mensalidade,Acordo de Cooperação Técnica (ACT) com o INSS firmado em 2022 para desconto associativo — citado em listagem oficial reproduzida por Poder360 e CartaCapital (2025),"ALERTA REPUTACIONAL: uma das 12 entidades investigadas pela CGU/PF na Operação Sem Desconto (2025) — mesmas fontes acima. Atenção: nome muito genérico, confirmar razão social exata e não confundir com Caixas de Assistência de conselhos profissionais (ex.: CAASP/OAB)."
União Nacional de Auxílio aos Servidores Públicos,UNASPUB,não encontrado,outra,,não informado,"Jornal de Brasília, 'Veja lista de associações investigadas por descontos indevidos na aposentadoria', https://jornaldebrasilia.com.br/noticias/economia/veja-lista-de-associacoes-investigadas-por-descontos-indevidos-na-aposentadoria/","2025 (Operação Sem Desconto, ACT assinado em 2022)",imprensa,sim,mensalidade,Acordo de Cooperação Técnica (ACT) com o INSS assinado em 2022 para desconto de mensalidade associativa em folha de benefício.,"ALERTA REPUTACIONAL INSS: entidade citada na lista de associações investigadas por descontos indevidos na aposentadoria (Operação Sem Desconto). Apesar do nome sugerir servidores públicos, a cobertura a trata no contexto de descontos sobre aposentadorias/pensões do INSS — checar público-alvo real."
Associação de Proteção e Defesa dos Direitos dos Aposentados e Pensionistas (ex-Acolher),APDAP PREV,não encontrado,4,,não informado,não encontrado,não encontrado,não encontrado,sim,mensalidade,Acordo de Cooperação Técnica (ACT) com o INSS firmado em 2022 (sob o nome anterior 'Acolher') para desconto associativo — citado em listagem oficial reproduzida por Poder360 e CartaCapital (2025),ALERTA REPUTACIONAL: uma das 12 entidades investigadas pela CGU/PF na Operação Sem Desconto (2025) — mesmas fontes acima.
Associação dos Aposentados e Pensionistas do Regime Geral da Previdência Social,AAPS,não encontrado,4,,não informado,não encontrado,não encontrado,não encontrado,sim,mensalidade,"Citada entre as entidades com desconto associativo em folha de benefício do INSS na listagem de entidades investigadas — Poder360, CartaCapital (2025)",ALERTA REPUTACIONAL: uma das 12 entidades investigadas pela CGU/PF na Operação Sem Desconto (2025). Site institucional localizado: aaps.com.br. Confirmar razão social exata via CNPJ.
Associação dos Aposentados e Pensionistas Nacional (ex-Associação Brasileira dos Servidores Públicos),AAPEN,07.508.538/0001-50,4,,"não informado (fonte traz apenas evolução de receita de descontos: R$ 10,3 milhões em 2019 e R$ 178,6 milhões só no 1º semestre do ano seguinte)","resultado agregado de busca (Jusbrasil, 'Desconto sem autorização: contribuição AAPEN', https://www.jusbrasil.com.br/artigos/desconto-sem-autorizacao-contribuicao-aapen/2505969592), atribuído a dados da CGU",não encontrado,imprensa,sim,mensalidade,Desconto mensal em folha de benefício do INSS via ACT; artigo trata de cancelamento de 'contribuição AAPEN' descontada sem autorização.,ALERTA REPUTACIONAL INSS. Sede em Fortaleza-CE. Nome anterior: ABSP - Associação Brasileira dos Servidores Públicos. Verificar se CNPJ e razão social batem em base pública de CNPJ.
União Nacional de Aposentados e Pensionistas Brasileiros,UNAPB,10.708.967/0001-86,4,,não informado,"Mapa das OSC (IPEA), https://mapaosc.ipea.gov.br/detalhar/1208296 ; ver também registro sob o mesmo CNPJ associado ao nome 'AAPB' na Serasa Experian (https://empresas.serasaexperian.com.br/consulta-gratis/AAPB-ASSOCIACAO-DOS-APOSENTADOS-E-PENSIONISTAS-BRASILEIROS-DO-INSS-E-FUNDOS-DE-PENSAO-10708967000186)","fundada em 13/03/2009 (data de fundação, não de fonte de contagem)",imprensa,a confirmar,outra,não encontrado,Sede no Rio de Janeiro-RJ. Inconsistência de nome entre bases: mesmo CNPJ aparece como 'AAPB - Associação dos Aposentados e Pensionistas Brasileiros do INSS e Fundos de Pensão' na Serasa e como 'UNAPB' no Mapa das OSC/IPEA — checar razão social oficial no CNPJ antes de usar.
Associação de Aposentados e Pensionistas do Brasil,AAPB,não encontrado,4,,não informado,não encontrado,não encontrado,não encontrado,a confirmar,não encontrado,não encontrado,"Site institucional localizado: aapbassociacao.com.br. Possível homônimo da sigla 'AAPB' usada pela UNAPB (CNPJ 10.708.967/0001-86, listada separadamente) — não confirmado se é a mesma entidade citada na investigação do INSS. Nenhuma evidência de cobrança encontrada nesta pesquisa; confirmar CNPJ na Fase 2."
Associação Brasileira de Aposentados e Pensionistas da Nação,ABAPEN,não encontrado,4,,não informado,não encontrado,não encontrado,não encontrado,a confirmar,não encontrado,não encontrado,Site institucional localizado: abapen.org.br. Nenhuma evidência de cobrança ou número de associados encontrada nesta pesquisa; não identificada citação direta nas investigações do INSS.
Associação Nacional dos Aposentados e Pensionistas,ANAP,29.299.813/0001-06,4,,não informado,não encontrado,não encontrado,não encontrado,a confirmar,não encontrado,não encontrado,"Localizada via Mapa das OSC (IPEA), sem dados de associados ou cobrança nesta pesquisa."
Associação Nacional dos Aposentados e Pensionistas da Previdência,ANAPPS,não encontrado,4,,não informado,não encontrado,não encontrado,não encontrado,a confirmar,não encontrado,não encontrado,Localizada por reclamações de consumidores no Reclame Aqui associadas a descontos não autorizados; não foi possível confirmar nesta pesquisa se a entidade está formalmente entre as citadas na Operação Sem Desconto (CGU/PF) — investigar na Fase 3/4 antes de marcar alerta.
Associação Nacional dos Aposentados e Pensionistas da Previdência Social,ANAPREVIS,06.147.221/0001-73,4,,não informado,não encontrado,não encontrado,não encontrado,a confirmar,não encontrado,não encontrado,Nenhuma evidência de cobrança ou número de associados encontrada nesta pesquisa.
Central Nacional dos Aposentados e Pensionistas do Brasil / Sindicato Nacional dos Trabalhadores Aposentados,CENTRAPE,07.164.985/0001-30,4,,não informado,não encontrado,não encontrado,não encontrado,a confirmar,não encontrado,não encontrado,"ATENÇÃO: registrada como entidade sindical especial no Ministério do Trabalho e Emprego (Central/Sindicato), não como associação 399-9 — provável exclusão na Fase 2 por natureza jurídica; incluída apenas como candidata para checagem."
"Confederação Brasileira de Aposentados, Pensionistas e Idosos",COBAP,não encontrado,4,,"não informado (COBAP é confederação/entidade de 2º grau que reúne associações estaduais e federações filiadas, não tem base direta de associados pessoa física)",não encontrado,não encontrado,imprensa,a confirmar,outra,não encontrado diretamente para a COBAP em si; site institucional https://www.cobap.org.br/,"ALERTA REPUTACIONAL INSS: citada pela Polícia Federal em inquérito sobre o esquema de descontos indevidos do INSS (CNN Brasil, 'INSS: sindicatos citados em inquérito têm vaga no Conselho de Previdência', https://www.cnnbrasil.com.br/politica/inss-sindicatos-citados-em-inquerito-tem-vaga-no-conselho-de-previdencia/). É confederação (2º grau), não associação de pessoa física direta — avaliar se entra como 'outra' apenas para referência, não como candidata direta ao Top 50."
Associação de Assistência Social a Pensionistas e Aposentados,AASPA,não encontrado,4,,não informado,não encontrado,não encontrado,imprensa,a confirmar,outra,não encontrado,"Site institucional https://aaspa.org.br/ localizado via busca; não foi possível acessar o conteúdo (WebFetch bloqueado nesta sessão) para confirmar associados, cobrança ou CNPJ. Candidata a checar em fase de enriquecimento."
Associação dos Aposentados e Pensionistas da Eletrosul,AAPE,não encontrado,4,,não informado,não encontrado,não encontrado,não encontrado,a confirmar,não encontrado,não encontrado,Site institucional localizado: aape.org.br. Nenhum outro dado confirmado nesta pesquisa.
"Associação de Aposentados, Funcionários e Pensionistas do Banco do Brasil",AAPBB,não encontrado,4,,não informado,não encontrado,não encontrado,não encontrado,sim,mensalidade,"Mensalidade de R$ 35,00, com desconto em folha de pagamento/PREVI ou débito em conta — site institucional aapbb.org.br, página 'Quem Somos'","Constituída em 01/12/1998, âmbito nacional, sede no Rio de Janeiro (RJ), conforme site institucional. Quadro social inclui aposentados, pensionistas e funcionários da ativa do Banco do Brasil, PREVI e CASSI — não é exclusiva de aposentados. Possível sobreposição com categoria 1 (ANABB); verificar se já coberta por outro agente."
Federação Nacional das Associações de Aposentados e Pensionistas da Caixa Econômica Federal,FENACEF,não encontrado,4,,"não informado — é federação de 22 associações estaduais (APCEFs); associados diretos são as associações-membro, não pessoas físicas","fenacef.org.br, página 'AEA's Federadas' — cita 22 associações estaduais de aposentados da Caixa filiadas",não encontrado,declarado pela entidade,a confirmar,não encontrado,não encontrado,"Estrutura federativa (federação de 22 associações estaduais — as APCEFs), semelhante ao caso da OAB (seccionais). Se a lógica de 'unidade de análise = seccional' se aplicar, as APCEFs estaduais individuais (ex.: APCEF/SP, APCEF/MG) seriam a unidade correta de candidatura, não a federação nacional."
Associação de Pessoal da Caixa Econômica de São Paulo,APCEF/SP,não encontrado,4,,não informado,não encontrado,não encontrado,não encontrado,a confirmar,não encontrado,não encontrado,"Site institucional: apcefsp.org.br. Quadro social inclui empregados ativos, aposentados e pensionistas da Caixa em SP — não é exclusiva de aposentados. Federada à FENACEF."
Associação dos Aposentados e Pensionistas do INSS e Outros de Alterosa,ASSAPA,não encontrado,4,,não informado,não encontrado,não encontrado,não encontrado,a confirmar,não encontrado,não encontrado,"Entidade de abrangência municipal (Alterosa, MG), localizada via Mapa das OSC (IPEA). Incluída como exemplo de associação municipal de aposentados do INSS; sem dados de associados ou cobrança encontrados nesta pesquisa — provável candidata a corte por porte pequeno, mas mantida para registro."
Associação Nacional de Aposentados e Pensionistas de Ceres,ANAPEC,não encontrado,4,,não informado,não encontrado,não encontrado,não encontrado,a confirmar,não encontrado,não encontrado,"Apesar do nome 'Nacional', indícios (site anapec.org.br) sugerem abrangência local/municipal (Ceres, GO) — confirmar abrangência real na Fase 2/3."
"Associação de Aposentados, Pensionistas e Reformados",APRe,não encontrado,4,,não informado,não encontrado,não encontrado,não encontrado,a confirmar,não encontrado,não encontrado,"Única fonte localizada nesta pesquisa foi uma página no Facebook; nenhum site institucional, CNPJ ou dado de associados/cobrança confirmado. Candidata fraca — priorizar verificação ou corte."
Associação dos Aposentados e Pensionistas de Santo André e Região,não encontrado,não encontrado,4,,não informado,não encontrado,não encontrado,não encontrado,a confirmar,não encontrado,não encontrado,"Entidade municipal (Santo André, SP). Única fonte localizada nesta pesquisa foi uma página no Facebook; nenhum site institucional, CNPJ ou dado de associados/cobrança confirmado. Candidata fraca — priorizar verificação ou corte."
Associação dos Aposentados e Pensionistas de São José dos Campos,AAPSJC,não encontrado,4,,não informado,não encontrado,não encontrado,não encontrado,a confirmar,não encontrado,não encontrado,"Entidade municipal (São José dos Campos, SP). Única fonte localizada nesta pesquisa foi uma página no Facebook; nenhum site institucional, CNPJ ou dado de associados/cobrança confirmado. Candidata fraca — priorizar verificação ou corte."
Jockey Club Brasileiro,JCB,33.621.756/0001-07,5,,não informado,,,,a confirmar,,,"Clube de turfe/hipismo com quadro social no Rio de Janeiro. Existem outros CNPJs vinculados (33.621.756/0002-98, 33.621.756/0003-79), possivelmente unidades/filiais. Número de sócios e valor de mensalidade não encontrados nesta pesquisa."
Sociedade de Ginástica de Porto Alegre 1867 (Sogipa),SOGIPA,92.913.607/0001-80,5,,não informado,,,,a confirmar,,,"Um dos clubes mais tradicionais de Porto Alegre, fundado em 1867. Número de sócios e valor de mensalidade não encontrados nesta pesquisa; site oficial (sogipa.com.br) identificado mas não pôde ser acessado (bloqueio de rede)."
Club Athletico Paulistano,Paulistano,60.927.472/0001-16,5,,não informado,,,,a confirmar,,,"Fundado em 1900, em São Paulo. Único dado numérico encontrado é histórico (1.476 sócios em 1920); número atual de associados e valor de mensalidade não foram encontrados nesta pesquisa."
Recreio da Juventude,,88.649.660/0001-49,5,,não informado,,,,a confirmar,,,"Clube social tradicional de Caxias do Sul (RS), fundado em 1965. Há também um registro de filial 'Guarany' (CNPJ 88.649.660/0002-20). Número de sócios e mensalidade não encontrados nesta pesquisa."
Nippon Country Club,,56.899.131/0002-98,5,,não informado,,,,a confirmar,,,"Clube ligado à comunidade nipo-brasileira, fundado em 30/08/1976. O CNPJ localizado (56.899.131/0002-98) corresponde a uma unidade na Av. da Liberdade, São Paulo (SP), possivelmente filial; CNPJ da matriz não confirmado. Número de sócios e mensalidade não encontrados."
Clube Atlético Monte Líbano,,60.782.778/0001-21,5,,não informado,,,,a confirmar,,,"Clube da comunidade libanesa em São Paulo (bairro Ibirapuera), CNPJ registrado em 03/12/1982. Não confundir com o Clube Monte Líbano de São José do Rio Preto (entidade distinta, CNPJ próprio). Número de sócios e mensalidade não encontrados."
Clube Monte Líbano de São José do Rio Preto,,59.981.688/0001-80,5,,não informado,,,,a confirmar,,,"Busca mencionou 'aproximadamente 7 mil sócios' para este clube, mas sem link individualizável para verificação direta; por isso o número não foi incluído como confirmado. Necessário refazer a busca dedicada para essa entidade em São José do Rio Preto (SP)."
Clube Paineiras do Morumby,Paineiras,52.400.207/0001-57,5,,não informado,,,,a confirmar,,,"Clube tradicional da zona sul de São Paulo (Morumbi), CNPJ registrado em 03/03/1983. Número de sócios e mensalidade não encontrados nesta pesquisa; site oficial (clubepaineiras.org.br) identificado mas não pôde ser acessado (bloqueio de rede)."
Automóvel Clube do Brasil (A.C.D.B. 1907),ACDB,10.933.407/0001-25,5,,não informado,,,,a confirmar,,,"Um dos clubes automobilísticos mais antigos do Brasil (fundado em 1907), no Rio de Janeiro, com componente social. Número de sócios e mensalidade não encontrados nesta pesquisa."
Automóvel Clube Brasileiro,ACBR,02.552.911/0001-57,5,,não informado,,,,a confirmar,,,"Entidade distinta do 'Automóvel Clube do Brasil (A.C.D.B. 1907)', mesmo segmento de atuação. Incluída separadamente para evitar duplicidade equivocada na consolidação; número de sócios não encontrado nesta pesquisa."
Iate Clube do Recife,,10.938.827/0001-02,5,,não informado,,,,a confirmar,,,"Fundado em 01/08/1968, em Recife (PE). Número de sócios e mensalidade não encontrados nesta pesquisa; site oficial (iateclubedorecife.com.br) identificado mas não pôde ser acessado (bloqueio de rede)."
São Paulo Athletic Club (Clube Atlético São Paulo),SPAC,,5,,não informado,,,,a confirmar,,,"Clube mais antigo do Brasil (fundado em 1888 por Charles Miller). CNPJ não encontrado nesta pesquisa (site do clube identificado em spac.org.br, mas não pôde ser acessado por bloqueio de rede). Estatuto social descreve associação sem fins econômicos. Número de sócios e mensalidade não encontrados."
Clube de Regatas Piraquê,Piraquê,30.298.640/0001-90,5,,não informado,,,,a confirmar,,,"Piraquê é o departamento esportivo (esportes aquáticos) ligado ao Clube Naval, com 'sócios departamentais' próprios, no Rio de Janeiro. O Clube Naval propriamente dito (CNPJ 33.868.654/0001-90) é associação de oficiais da Marinha e se enquadra melhor na Categoria 2 (não incluído aqui). Número de sócios do Piraquê não encontrado nesta pesquisa."
Sociedade Harmonia Lyra,,84.713.189/0001-50,5,,não informado,,,,a confirmar,,,"Clube social e cultural tradicional de Joinville (SC), ligado à comunidade teuto-brasileira. Atividade econômica cadastrada na Receita como 'Atividades de associações de defesa de direitos sociais', divergente do CNAE típico de clube social — recomenda-se confirmar a natureza exata no fact-check. Há também uma 'Fundação Musical Harmonia Lyra' (CNPJ 83.791.475/0001-70), entidade correlata porém distinta (fundação, não associação de pessoas físicas). Número de sócios não encontrado."
Clube Comary,,32.189.128/0001-31,5,,não informado,,,,a confirmar,,,"Clube fundado em 06/07/1968 na Granja Comary, Teresópolis (RJ), área de 45.000 m². Possui sub-sede em Rio das Ostras (CNPJ 32.189.128/0002-12) com '300 sócios contribuintes' citados em fonte de busca — esse dado refere-se apenas à sub-sede, não ao total da sede principal, e por isso não foi usado como número consolidado. Número de sócios da sede principal e mensalidade não encontrados."
Club Homs,,52.042.058/0001-00,5,,não informado,,,,a confirmar,,,"Clube associativo e recreativo da comunidade sírio-libanesa em São Paulo (SP), fundado em 27/12/1982. Número de sócios e mensalidade não encontrados nesta pesquisa."
Clube do Comércio de Porto Alegre,,92.941.277/0001-37,5,,não informado,,,,a confirmar,,,"Clube social tradicional de Porto Alegre (RS), historicamente ligado à classe comerciária. Número de sócios e mensalidade não encontrados nesta pesquisa; formatação exata do CNPJ (dígitos verificadores) deve ser reconferida na Fase 2."
Iate Clube de Itamaracá,,11.548.120/0002-25,5,,não informado,,,,a confirmar,,,Clube náutico em Pernambuco. O CNPJ localizado corresponde a uma unidade/filial em Recife (sufixo 0002-25); CNPJ da matriz não confirmado nesta pesquisa. Número de sócios não encontrado.
Iate Clube de Caiobá,,76.692.896/0002-60,5,,não informado,,,,a confirmar,,,Clube náutico na região de Matinhos/Caiobá (PR). CNPJ localizado é de filial (sufixo 0002-60); CNPJ da matriz não confirmado. Número de sócios não encontrado.
Iate Clube do Espírito Santo,ICES,,5,,não informado,,,,a confirmar,,,"Entidade citada em fonte agregadora de CNPJ (cnpj.info), mas CNPJ e número de associados não confirmados nesta pesquisa; requer busca dedicada."
São Lourenço Country Clube,,,5,,não informado,,,,a confirmar,,,"Site oficial (slcountryclube.com.br) identificado nos resultados de busca, mas conteúdo não pôde ser acessado (bloqueio de rede). Localização exata, CNPJ e número de sócios não confirmados nesta pesquisa."
São Francisco Country Clube,,40.633.596/0001-81,5,,não informado,,,,a confirmar,,,"Clube social identificado via base de CNPJ (Econodata), em Juazeiro (BA), fundado em 1981 (data de abertura do CNPJ). Número de sócios e mensalidade não encontrados nesta pesquisa."
Blumenau Esporte Clube,,06.054.600/0001-19,5,,não informado,,,,a confirmar,,,"Clube social em Blumenau (SC). ATENÇÃO: há uma segunda entrada de CNPJ para entidade de mesmo nome (23.663.180/0001-97, fundada em 1989) — pode se tratar de homônimo ou de registro anterior/sucessor; não verificado nesta pesquisa. Número de sócios não encontrado."
Sociedade Germania,,,5,,não informado,,,,a confirmar,,,Clube da comunidade alemã no Rio de Janeiro (bairro Gávea). Site oficial (sociedadegermania.com.br) identificado mas não pôde ser acessado (bloqueio de rede). CNPJ e número de sócios não encontrados nesta pesquisa.
Petrópolis Tênis Clube,,51.981.827/0001-64,5,,não informado,,,,a confirmar,,,"ATENÇÃO: apesar do nome, este CNPJ está sediado em Mairiporã (SP), não em Petrópolis (RJ) — pode se tratar de clube distinto de eventual 'Petrópolis Tênis Clube' carioca mais conhecido; identidade não confirmada nesta pesquisa. Único dado numérico encontrado é histórico e desatualizado (~480 sócios titulares no início dos anos 1990), por isso não foi usado como número atual."
Clube Alto dos Pinheiros,,61.970.505/0001-73,5,,não informado,,,,a confirmar,,,"Clube distinto do Esporte Clube Pinheiros (E.C.P.S.P.), ambos na região de Pinheiros, em São Paulo — cuidado para não confundir os dois na consolidação. Número de sócios e mensalidade não encontrados nesta pesquisa."
São Paulo Jockey Club,,,5,,não informado,,,,a confirmar,,,"Entidade histórica de turfe em São Paulo, citada em referência de busca (Wikipedia). CNPJ e número de sócios não confirmados nesta pesquisa; pode ser sucedida ou distinta do atual Jockey Club de São Paulo — requer verificação dedicada antes de incluir no ranking."
Associação dos Antigos Alunos da Faculdade de Direito da Universidade de São Paulo,Arcadas,49.921.489/0001-23,6,,não informado,,,,sim,mensalidade,"Site oficial (arcadas.org.br/contribuicao) lista categorias de contribuição de associado a partir de R$ 200,00 mensais (ex.: categoria 'Associados Prata').",Fonte: arcadas.org.br (acesso 2026-09-16). Fundada em 1931. Número de associados não encontrado nas fontes consultadas; estatuto prevê número ilimitado de associados. CNPJ confirmado via busca (aparece em múltiplos agregadores de CNPJ).
Associação dos Antigos Alunos da PUC-Rio,AAA PUC-Rio,,6,,não informado,,,,a confirmar,,,"Entidade localizada em aaa.puc-rio.br (acesso 2026-09-16). Não foi possível confirmar CNPJ, número de associados nem cobrança de mensalidade/anuidade na busca realizada nesta sessão. Requer verificação direta no site."
Associação dos Ex-Alunos da Fundação Getulio Vargas,exGV,,6,,não informado,,,,a confirmar,,,"Entidade localizada em exgv.org.br (acesso 2026-09-16). CNPJ, número de associados e cobrança não confirmados na busca realizada. Requer verificação direta no site."
Alumni IME (Associação de Ex-Alunos do Instituto Militar de Engenharia),Alumni IME,,6,,não informado,,,,a confirmar,,,"Entidade localizada em alumniime.com.br (acesso 2026-09-16). CNPJ, número de associados e cobrança não confirmados na busca realizada. Requer verificação direta no site."
Associação dos Ex-Alunos dos Colégios Militares,AACM,,6,,não informado,,,,a confirmar,,,"Entidade localizada em aacm.com.br (acesso 2026-09-16). CNPJ, número de associados e cobrança não confirmados na busca realizada. Requer verificação direta no site."
Associação de Ex-Alunos da PUCPR (ASEP),ASEP,,6,,não informado,,,,a confirmar,,,"Fonte (busca web, acesso 2026-09-16) menciona 'comunidade de ex-alunos com mais de 150 mil profissionais formados em seis décadas' e criação da ASEP em 2000, mas esse número é o total de egressos da PUCPR, não necessariamente associados pagantes ativos. NÃO usar 150.000 como número de associados sem confirmação direta. CNPJ e mensalidade não encontrados."
Associação dos Engenheiros do ITA,AEITA,,6,,não informado,,,,a confirmar,,,"Fundada em 1954 (fonte: aeita.com.br, acesso 2026-09-16). Página no Facebook tem 2.834 curtidas, mas isso NÃO é número oficial de associados e não foi usado como tal. CNPJ, número de associados e valor de mensalidade não encontrados; site menciona existência de mensalidade mas sem valor divulgado na busca."
APV-SUL Associação de Proteção Veicular,APV-SUL,23.407.024/0001-65,6,,não informado,,,,sim,mensalidade,Associação de proteção veicular listada entre entidades cadastradas na AAAPV (Agência de Autorregulamentação das Associações de Proteção Veicular e Patrimonial); modelo do setor é mensalidade com rateio de sinistros.,ALERTA REGULATÓRIO/REPUTACIONAL: associação de proteção veicular (mutualismo). Número de associados não encontrado. CNPJ obtido via Reclame Aqui e agregadores de CNPJ (acesso 2026-09-16).
ABV Proteção Veicular,ABV,,6,,não informado,,,,sim,mensalidade,Associação de proteção veicular afiliada à AAAPV (abvprotecaoveicular.org.br); modelo do setor é mensalidade com rateio de sinistros (não confirmado valor específico).,ALERTA REGULATÓRIO/REPUTACIONAL: associação de proteção veicular (mutualismo). CNPJ e número de associados não encontrados na busca (acesso 2026-09-16).
AGV Proteção Veicular,AGV,,6,,não informado,,,,sim,mensalidade,"Fonte descreve a AGV como associação de proteção veicular operando pelo modelo mutualista, com planos voltados a carros populares e seminovos (valor não confirmado).",ALERTA REGULATÓRIO/REPUTACIONAL: associação de proteção veicular (mutualismo). CNPJ e número de associados não encontrados. Nome 'AGV' é genérico e pode haver homônimos; requer verificação de razão social exata.
BH Proteção Veicular,,,6,,não informado,,,,sim,mensalidade,Fonte descreve a entidade como associação de proteção veicular que 'evoluiu de uma força regional em Minas Gerais para uma referência nacional'; modelo do setor é mensalidade (valor não confirmado).,"ALERTA REGULATÓRIO/REPUTACIONAL: associação de proteção veicular (mutualismo), origem regional (MG). CNPJ e número de associados não encontrados na busca (acesso 2026-09-16, bhprotecaoveicular.com.br)."
INNOVE Proteção Veicular,INNOVE,,6,,não informado,,,,sim,mensalidade,Citada em rankings de proteção veicular como uma das maiores do setor; modelo do setor é mensalidade (valor não confirmado nesta busca).,ALERTA REGULATÓRIO/REPUTACIONAL: associação de proteção veicular (mutualismo). CNPJ e número de associados não encontrados.
SPV Associação de Benefícios Mútuos (SPV Proteção Veicular),SPV,,6,,não informado,,,,sim,mensalidade,"Listada como 2ª maior empresa de proteção veicular do Brasil por faturamento em ranking da Econodata (econodata.com.br), setor caracterizado por cobrança de mensalidade.","ALERTA REGULATÓRIO/REPUTACIONAL: associação de proteção veicular (mutualismo). Ranking consultado é por faturamento, não por número de associados — não ranquear diretamente por essa métrica. CNPJ e número de associados não encontrados."
PROTERMAR,,,6,,não informado,,,,a confirmar,mensalidade,Listada como 1ª maior empresa/entidade de proteção veicular do Brasil por faturamento em ranking da Econodata (econodata.com.br).,"ALERTA REGULATÓRIO/REPUTACIONAL (se confirmada associação de proteção veicular/mutualismo — natureza jurídica exata não confirmada, pode ser sociedade empresária e não associação 399-9; requer checagem de CNPJ). Ranking consultado é por faturamento, não por associados. Número de associados e CNPJ não encontrados nesta busca."
Núcleo Proteção Veicular,,,6,,não informado,,,,sim,mensalidade,Listada como 3ª maior empresa/entidade de proteção veicular do Brasil por faturamento em ranking da Econodata (econodata.com.br).,"ALERTA REGULATÓRIO/REPUTACIONAL: associação de proteção veicular (mutualismo). Ranking consultado é por faturamento, não por associados. CNPJ e número de associados não encontrados nesta busca."
Porsche Clube do Brasil,,02.441.518/0001-96,6,,não informado,,,,a confirmar,anuidade,"Clubes de marca automotiva tipicamente cobram anuidade/mensalidade, mas o valor específico não foi encontrado nesta busca para esta entidade.","Fonte (porschegt3cup.com.br, acesso 2026-09-16) traz apenas dado histórico: ~70 sócios em 1997 e mais de 800 sócios cinco anos depois (~2002). Esse número está DESATUALIZADO (mais de 20 anos) e não foi usado no campo 'associados'. Número atual de sócios e valor de anuidade não encontrados; requer verificação direta no site oficial do clube."
Automóvel Clube do Brasil (ACDB),ACDB,,6,,não informado,,,,a confirmar,,,"Fundado em 1907, primeiro clube do país dedicado a proprietários de veículos e automóveis (fonte: acdb.com.br, acesso 2026-09-16). CNPJ, número de associados e valor de mensalidade/anuidade não encontrados nesta busca."
Automóvel Clube do Estado de São Paulo,ACESP,,6,,não informado,,,,a confirmar,anuidade,"Resumo de busca (acesso 2026-09-16) menciona que a entidade 'cobra somente uma taxa anual, não taxas de manutenção', mas não foi possível localizar a página-fonte exata nem o valor. Requer confirmação direta.",CNPJ e número de associados não encontrados nesta busca.
Clubes do Fusca no Brasil,,,6,,não informado,,,,a confirmar,,,"Portal/federação de clubes de Fusca regionais (clubedofusca.org.br, acesso 2026-09-16). Não é claro se é uma entidade única com CNPJ próprio ou apenas um diretório de clubes independentes; requer checagem antes de incluir no ranking (risco de dupla contagem com os clubes regionais que agrega)."
Harley Owners Group Brasil (H.O.G.),HOG,,6,,não informado,,,,a confirmar,anuidade,"Globalmente, a partir de US$ 45/ano para sócio titular e US$ 25/ano para dependente (fonte: material institucional H.O.G. global, via brasiliaharley-davidson.com.br, acesso 2026-09-16). Valor específico para o Brasil não confirmado.","H.O.G. é organizado em 'chapters' locais vinculados a concessionárias Harley-Davidson (ex.: HOG Rio Chapter, HOG Brasília), sem uma entidade nacional única identificada com CNPJ próprio nesta busca. Mundialmente soma mais de 1 milhão de membros em 130 países (fonte institucional), mas número específico do Brasil não encontrado. Risco de fragmentação: cada chapter pode ter CNPJ próprio vinculado à concessionária patrocinadora."
Federação Espírita Brasileira,FEB,33.644.857/0001-01,6,,não informado,,,,a confirmar,,"Site institucional (doe.febnet.org.br) oferece programa de apoio mensal via 'sócio contribuinte', mas não ficou claro se isso equivale a uma mensalidade associativa obrigatória (com direitos de associado) ou a uma doação voluntária recorrente.","CNPJ da matriz identificado; entidade possui múltiplos CNPJs para diferentes departamentos (editorial, assistência social). Número de associados não encontrado. Modelo de 'sócio contribuinte' precisa ser verificado para confirmar se é mensalidade associativa (critério do briefing) ou doação/apoio filantrópico (fora do critério)."
Real e Benemérita Associação Portuguesa de Beneficência,,61.599.908/0001-58,6,,não informado,,,,a confirmar,,,"Sociedade beneficente de imigração portuguesa fundada em 1859/oficializada em 1966 (matriz em São Paulo). Fonte (acesso 2026-09-16) só traz dado histórico: 290 sócios em 1864 — NÃO usado como número atual. Natureza jurídica declarada em busca como 'associação privada sem fins lucrativos', atividade principal 'atenção hospitalar' — pode se sobrepor mais a hospital/instituição de saúde do que a associação de sócios pagantes; requer checagem de natureza 399-9 e de existência de quadro associativo ativo com mensalidade."
Sociedade Beneficente Israelita Brasileira (Hospital Israelita Albert Einstein),SBIBAE,60.765.823/0001-30,6,,não informado,,,,a confirmar,,,"PROVÁVEL NÃO ENQUADRAMENTO: as fontes consultadas (gife.org.br, einstein.br, acesso 2026-09-16) descrevem a entidade como organização de saúde/hospitalar sem fins lucrativos, sem menção a quadro associativo de pessoas físicas pagando mensalidade. Incluída apenas para triagem; recomenda-se excluir na Fase 2 caso não se confirme natureza 399-9 com associados pagantes (pode ser mais adequada como fundação/OSC de saúde, fora do escopo do Top 50)."
Lions Clubs International - clubes do Brasil,Lions,,6,,não informado,,,estimado,sim,anuidade,Clubes de serviço internacionais (Lions) cobram anuidade de seus sócios como prática padrão mundial; valor específico no Brasil não confirmado nesta busca.,"ALERTA DE QUALIDADE DE DADO: um resultado de busca (blog.cooperlink.com.br, contexto de outro ranking) menciona 'mais de 100 mil associados em 22 estados brasileiros' para o Lions no Brasil, mas essa cifra não pôde ser atribuída com segurança a uma página-fonte específica e pode estar contaminada por conteúdo de outro artigo (baixa confiabilidade) — NÃO usar sem confirmação independente. Estrutura fragmentada: cada Lions Clube local tem CNPJ próprio; não há uma única entidade nacional 399-9 identificada. Risco de dupla contagem/dificuldade de ranquear como entidade única."
Rotary Club - clubes do Brasil,Rotary,,6,,não informado,,,,sim,anuidade,Clubes de serviço cobram anuidade/taxas de sócio como prática padrão; valor específico não confirmado nesta busca.,"Estrutura totalmente fragmentada: cada Rotary Club (ex.: Rotary Club de São Paulo, CNPJ 61.003.711/0001-04; Rotary Club de Piraquara - Distrito 4730, CNPJ 09.368.707/0001-20) é uma pessoa jurídica independente (CNAE 9430-8/00), sem CNPJ nacional único identificado. Não há fonte consolidada de número total de sócios no Brasil. Baixa aptidão para entrar no ranking como 'entidade única'; registrado para triagem e para eventual necessidade de tratar por Distrito."
Ordem dos Advogados do Brasil - Seção de São Paulo,OAB-SP,43.419.613/0001-70,7,,inscritos ativos,,,,sim,anuidade,"OAB/SP, 'Orçamento 2025 - Tabela de Anuidades' (oabsp.org.br/upload/3074769936.pdf) e matéria 'Anuidade de 2025 já está disponível' (oabsp.org.br/jornaldaadvocacia/24-12-05-1253-anuidade-de-ja-esta-disponivel)","Número de inscritos não preenchido por falta de fonte com data explícita dentro do orçamento de busca: página oabsp.org.br/sobre menciona 'mais de 380 mil' inscritos (sem data) e outra referência de imprensa menciona 'mais de 450 mil' (sem data) — valores divergentes e não datados, portanto não usados. Recomenda-se checar diretamente oabsp.org.br/sobre com data de acesso registrada."
Ordem dos Advogados do Brasil - Seção do Estado do Rio de Janeiro,OAB-RJ,33.648.981/0001-37,7,,inscritos ativos,,,,sim,anuidade,"OABRJ, página 'Anuidade 2025' (oabrj.org.br/anuidade-2025); Migalhas, 'Saiba os valores das anuidades das seccionais da OAB para 2025' (migalhas.com.br/quentes/422639)","Agregador de dados cadastrais (econodata) descreve a OABRJ como representando 'mais de 150.000 advogados', mas sem data explícita de apuração e sem confirmação na fonte primária dentro do orçamento de busca desta sessão — não preenchido em associados por exigência de fonte+data."
Ordem dos Advogados do Brasil - Seção de Goiás,OAB-GO,,7,,inscritos ativos,,,,sim,anuidade,"Migalhas, 'Saiba os valores das anuidades das seccionais da OAB para 2025' (migalhas.com.br/quentes/422639)","Nome, CNPJ, número de inscritos e Caixa de Assistência (CAAGO) não pesquisados nesta sessão por esgotamento do orçamento de busca. Nome da seccional segue padrão institucional não verificado individualmente."
Ordem dos Advogados do Brasil - Seção de Roraima,OAB-RR,,7,,inscritos ativos,,,,sim,anuidade,"Migalhas, 'Saiba os valores das anuidades das seccionais da OAB para 2025' (migalhas.com.br/quentes/422639)","Nome, CNPJ, número de inscritos e Caixa de Assistência (CAARR) não pesquisados nesta sessão por esgotamento do orçamento de busca. Nome da seccional segue padrão institucional não verificado individualmente."
Ordem dos Advogados do Brasil - Seção do Tocantins,OAB-TO,,7,,inscritos ativos,,,,sim,anuidade,"Migalhas, 'Saiba os valores das anuidades das seccionais da OAB para 2025' (migalhas.com.br/quentes/422639)","Nome, CNPJ, número de inscritos e Caixa de Assistência (CAATO) não pesquisados nesta sessão por esgotamento do orçamento de busca. Nome da seccional segue padrão institucional não verificado individualmente."
Ordem dos Advogados do Brasil - Seção de Mato Grosso do Sul,OAB-MS,,7,,inscritos ativos,,,,sim,anuidade,"OAB/MS, Secretaria-Geral, tabela de anuidade (oabms.org.br, documento em PDF localizado via busca); Migalhas, 'Saiba os valores das anuidades das seccionais da OAB para 2025'","Nome, CNPJ, número de inscritos e Caixa de Assistência (CAAMS) não pesquisados nesta sessão por esgotamento do orçamento de busca. Nome da seccional segue padrão institucional não verificado individualmente."
Ordem dos Advogados do Brasil - Seção do Distrito Federal,OAB-DF,,7,,inscritos ativos,,,,sim,anuidade,"Migalhas, 'Saiba os valores das anuidades das seccionais da OAB para 2025' (migalhas.com.br/quentes/422639)","Nome, CNPJ, número de inscritos e Caixa de Assistência (CAADF) não pesquisados nesta sessão por esgotamento do orçamento de busca. Nome da seccional segue padrão institucional não verificado individualmente."
Ordem dos Advogados do Brasil - Seção de Pernambuco,OAB-PE,,7,,inscritos ativos,,,,sim,anuidade,"Migalhas, 'Saiba os valores das anuidades das seccionais da OAB para 2025' (migalhas.com.br/quentes/422639)","Nome, CNPJ, número de inscritos e Caixa de Assistência (CAAPE) não pesquisados nesta sessão por esgotamento do orçamento de busca. Nome da seccional segue padrão institucional não verificado individualmente."
Ordem dos Advogados do Brasil - Seção do Acre,OAB-AC,,7,,inscritos ativos,,,,sim,anuidade,,"Seccional NÃO pesquisada nesta sessão: o orçamento de busca (WebSearch) da sessão foi esgotado antes de cobrir este estado (a cota é compartilhada entre os subagentes paralelos do levantamento). Nome/sigla seguem o padrão institucional das demais seccionais confirmadas (ex.: OAB-SP, OAB-RJ, OAB-MG, OAB-RS) mas NÃO foram verificados individualmente via CNPJ ou site oficial. CNPJ, inscritos ativos, anuidade e Caixa de Assistência ficam em branco por falta de fonte, conforme regra do briefing."
Ordem dos Advogados do Brasil - Seção de Alagoas,OAB-AL,,7,,inscritos ativos,,,,sim,anuidade,,"Seccional NÃO pesquisada nesta sessão: o orçamento de busca (WebSearch) da sessão foi esgotado antes de cobrir este estado (a cota é compartilhada entre os subagentes paralelos do levantamento). Nome/sigla seguem o padrão institucional das demais seccionais confirmadas (ex.: OAB-SP, OAB-RJ, OAB-MG, OAB-RS) mas NÃO foram verificados individualmente via CNPJ ou site oficial. CNPJ, inscritos ativos, anuidade e Caixa de Assistência ficam em branco por falta de fonte, conforme regra do briefing."
Ordem dos Advogados do Brasil - Seção do Amapá,OAB-AP,,7,,inscritos ativos,,,,sim,anuidade,,"Seccional NÃO pesquisada nesta sessão: o orçamento de busca (WebSearch) da sessão foi esgotado antes de cobrir este estado (a cota é compartilhada entre os subagentes paralelos do levantamento). Nome/sigla seguem o padrão institucional das demais seccionais confirmadas (ex.: OAB-SP, OAB-RJ, OAB-MG, OAB-RS) mas NÃO foram verificados individualmente via CNPJ ou site oficial. CNPJ, inscritos ativos, anuidade e Caixa de Assistência ficam em branco por falta de fonte, conforme regra do briefing."
Ordem dos Advogados do Brasil - Seção do Amazonas,OAB-AM,,7,,inscritos ativos,,,,sim,anuidade,,"Seccional NÃO pesquisada nesta sessão: o orçamento de busca (WebSearch) da sessão foi esgotado antes de cobrir este estado (a cota é compartilhada entre os subagentes paralelos do levantamento). Nome/sigla seguem o padrão institucional das demais seccionais confirmadas (ex.: OAB-SP, OAB-RJ, OAB-MG, OAB-RS) mas NÃO foram verificados individualmente via CNPJ ou site oficial. CNPJ, inscritos ativos, anuidade e Caixa de Assistência ficam em branco por falta de fonte, conforme regra do briefing."
Ordem dos Advogados do Brasil - Seção da Bahia,OAB-BA,,7,,inscritos ativos,,,,sim,anuidade,,"Seccional NÃO pesquisada nesta sessão: o orçamento de busca (WebSearch) da sessão foi esgotado antes de cobrir este estado (a cota é compartilhada entre os subagentes paralelos do levantamento). Nome/sigla seguem o padrão institucional das demais seccionais confirmadas (ex.: OAB-SP, OAB-RJ, OAB-MG, OAB-RS) mas NÃO foram verificados individualmente via CNPJ ou site oficial. CNPJ, inscritos ativos, anuidade e Caixa de Assistência ficam em branco por falta de fonte, conforme regra do briefing."
Ordem dos Advogados do Brasil - Seção do Ceará,OAB-CE,,7,,inscritos ativos,,,,sim,anuidade,,"Seccional NÃO pesquisada nesta sessão: o orçamento de busca (WebSearch) da sessão foi esgotado antes de cobrir este estado (a cota é compartilhada entre os subagentes paralelos do levantamento). Nome/sigla seguem o padrão institucional das demais seccionais confirmadas (ex.: OAB-SP, OAB-RJ, OAB-MG, OAB-RS) mas NÃO foram verificados individualmente via CNPJ ou site oficial. CNPJ, inscritos ativos, anuidade e Caixa de Assistência ficam em branco por falta de fonte, conforme regra do briefing."
Ordem dos Advogados do Brasil - Seção do Espírito Santo,OAB-ES,,7,,inscritos ativos,,,,sim,anuidade,,"Seccional NÃO pesquisada nesta sessão: o orçamento de busca (WebSearch) da sessão foi esgotado antes de cobrir este estado (a cota é compartilhada entre os subagentes paralelos do levantamento). Nome/sigla seguem o padrão institucional das demais seccionais confirmadas (ex.: OAB-SP, OAB-RJ, OAB-MG, OAB-RS) mas NÃO foram verificados individualmente via CNPJ ou site oficial. CNPJ, inscritos ativos, anuidade e Caixa de Assistência ficam em branco por falta de fonte, conforme regra do briefing."
Ordem dos Advogados do Brasil - Seção do Maranhão,OAB-MA,,7,,inscritos ativos,,,,sim,anuidade,,"Seccional NÃO pesquisada nesta sessão: o orçamento de busca (WebSearch) da sessão foi esgotado antes de cobrir este estado (a cota é compartilhada entre os subagentes paralelos do levantamento). Nome/sigla seguem o padrão institucional das demais seccionais confirmadas (ex.: OAB-SP, OAB-RJ, OAB-MG, OAB-RS) mas NÃO foram verificados individualmente via CNPJ ou site oficial. CNPJ, inscritos ativos, anuidade e Caixa de Assistência ficam em branco por falta de fonte, conforme regra do briefing."
Ordem dos Advogados do Brasil - Seção de Mato Grosso,OAB-MT,,7,,inscritos ativos,,,,sim,anuidade,,"Seccional NÃO pesquisada nesta sessão: o orçamento de busca (WebSearch) da sessão foi esgotado antes de cobrir este estado (a cota é compartilhada entre os subagentes paralelos do levantamento). Nome/sigla seguem o padrão institucional das demais seccionais confirmadas (ex.: OAB-SP, OAB-RJ, OAB-MG, OAB-RS) mas NÃO foram verificados individualmente via CNPJ ou site oficial. CNPJ, inscritos ativos, anuidade e Caixa de Assistência ficam em branco por falta de fonte, conforme regra do briefing."
Ordem dos Advogados do Brasil - Seção do Pará,OAB-PA,,7,,inscritos ativos,,,,sim,anuidade,,"Seccional NÃO pesquisada nesta sessão: o orçamento de busca (WebSearch) da sessão foi esgotado antes de cobrir este estado (a cota é compartilhada entre os subagentes paralelos do levantamento). Nome/sigla seguem o padrão institucional das demais seccionais confirmadas (ex.: OAB-SP, OAB-RJ, OAB-MG, OAB-RS) mas NÃO foram verificados individualmente via CNPJ ou site oficial. CNPJ, inscritos ativos, anuidade e Caixa de Assistência ficam em branco por falta de fonte, conforme regra do briefing."
Ordem dos Advogados do Brasil - Seção da Paraíba,OAB-PB,,7,,inscritos ativos,,,,sim,anuidade,,"Seccional NÃO pesquisada nesta sessão: o orçamento de busca (WebSearch) da sessão foi esgotado antes de cobrir este estado (a cota é compartilhada entre os subagentes paralelos do levantamento). Nome/sigla seguem o padrão institucional das demais seccionais confirmadas (ex.: OAB-SP, OAB-RJ, OAB-MG, OAB-RS) mas NÃO foram verificados individualmente via CNPJ ou site oficial. CNPJ, inscritos ativos, anuidade e Caixa de Assistência ficam em branco por falta de fonte, conforme regra do briefing."
Ordem dos Advogados do Brasil - Seção do Paraná,OAB-PR,,7,,inscritos ativos,,,,sim,anuidade,,"Seccional NÃO pesquisada nesta sessão: o orçamento de busca (WebSearch) da sessão foi esgotado antes de cobrir este estado (a cota é compartilhada entre os subagentes paralelos do levantamento). Nome/sigla seguem o padrão institucional das demais seccionais confirmadas (ex.: OAB-SP, OAB-RJ, OAB-MG, OAB-RS) mas NÃO foram verificados individualmente via CNPJ ou site oficial. CNPJ, inscritos ativos, anuidade e Caixa de Assistência ficam em branco por falta de fonte, conforme regra do briefing."
Ordem dos Advogados do Brasil - Seção do Piauí,OAB-PI,,7,,inscritos ativos,,,,sim,anuidade,,"Seccional NÃO pesquisada nesta sessão: o orçamento de busca (WebSearch) da sessão foi esgotado antes de cobrir este estado (a cota é compartilhada entre os subagentes paralelos do levantamento). Nome/sigla seguem o padrão institucional das demais seccionais confirmadas (ex.: OAB-SP, OAB-RJ, OAB-MG, OAB-RS) mas NÃO foram verificados individualmente via CNPJ ou site oficial. CNPJ, inscritos ativos, anuidade e Caixa de Assistência ficam em branco por falta de fonte, conforme regra do briefing."
Ordem dos Advogados do Brasil - Seção do Rio Grande do Norte,OAB-RN,,7,,inscritos ativos,,,,sim,anuidade,,"Seccional NÃO pesquisada nesta sessão: o orçamento de busca (WebSearch) da sessão foi esgotado antes de cobrir este estado (a cota é compartilhada entre os subagentes paralelos do levantamento). Nome/sigla seguem o padrão institucional das demais seccionais confirmadas (ex.: OAB-SP, OAB-RJ, OAB-MG, OAB-RS) mas NÃO foram verificados individualmente via CNPJ ou site oficial. CNPJ, inscritos ativos, anuidade e Caixa de Assistência ficam em branco por falta de fonte, conforme regra do briefing."
Ordem dos Advogados do Brasil - Seção de Rondônia,OAB-RO,,7,,inscritos ativos,,,,sim,anuidade,,"Seccional NÃO pesquisada nesta sessão: o orçamento de busca (WebSearch) da sessão foi esgotado antes de cobrir este estado (a cota é compartilhada entre os subagentes paralelos do levantamento). Nome/sigla seguem o padrão institucional das demais seccionais confirmadas (ex.: OAB-SP, OAB-RJ, OAB-MG, OAB-RS) mas NÃO foram verificados individualmente via CNPJ ou site oficial. CNPJ, inscritos ativos, anuidade e Caixa de Assistência ficam em branco por falta de fonte, conforme regra do briefing."
Ordem dos Advogados do Brasil - Seção de Santa Catarina,OAB-SC,,7,,inscritos ativos,,,,sim,anuidade,,"Seccional NÃO pesquisada nesta sessão: o orçamento de busca (WebSearch) da sessão foi esgotado antes de cobrir este estado (a cota é compartilhada entre os subagentes paralelos do levantamento). Nome/sigla seguem o padrão institucional das demais seccionais confirmadas (ex.: OAB-SP, OAB-RJ, OAB-MG, OAB-RS) mas NÃO foram verificados individualmente via CNPJ ou site oficial. CNPJ, inscritos ativos, anuidade e Caixa de Assistência ficam em branco por falta de fonte, conforme regra do briefing."
Ordem dos Advogados do Brasil - Seção de Sergipe,OAB-SE,,7,,inscritos ativos,,,,sim,anuidade,,"Seccional NÃO pesquisada nesta sessão: o orçamento de busca (WebSearch) da sessão foi esgotado antes de cobrir este estado (a cota é compartilhada entre os subagentes paralelos do levantamento). Nome/sigla seguem o padrão institucional das demais seccionais confirmadas (ex.: OAB-SP, OAB-RJ, OAB-MG, OAB-RS) mas NÃO foram verificados individualmente via CNPJ ou site oficial. CNPJ, inscritos ativos, anuidade e Caixa de Assistência ficam em branco por falta de fonte, conforme regra do briefing."
Associação Brasileira dos Aposentados e Pensionistas da Nação,ABAPEN,não encontrado,4,,"não informado (fonte cita apenas ritmo de filiação: 1.569 filiações/hora, 12.554/dia; e cerca de 251 mil novas filiações informadas ao INSS só em abril/2024 — não fica claro se é total de associados ou apenas novas adesões no mês)","CNN Brasil, 'Associação envolvida em fraude do INSS filiou 1.500 aposentados por hora', https://www.cnnbrasil.com.br/politica/associacao-envolvida-em-fraude-do-inss-filiou-1-500-aposentados-por-hora/ (dados atribuídos a relatório da CGU)",2025 (data exata do artigo não confirmada),imprensa,sim,mensalidade,Desconto mensal direto em folha de benefício do INSS via Acordo de Cooperação Técnica (ACT); é justamente o objeto da investigação por descontos não autorizados.,"ALERTA REPUTACIONAL INSS: entidade citada nos relatórios da CGU/Operação 'Sem Desconto' (PF, 2025) sobre descontos associativos indevidos em benefícios do INSS. Sede em Recife-PE (site https://abapen.org.br/, não foi possível acessar para confirmar dados oficiais — WebFetch bloqueado nesta sessão). Rogério Soares de Souza, ex-membro da diretoria do INSS, teria ligação com a ABAPEN segundo cobertura da Operação Sem Desconto (Imirante.com, 27/05/2026)."
União Brasileira de Aposentados da Previdência,UNIBAP,13.416.634/0001-71,4,,não informado,não encontrado,não encontrado,imprensa,sim,mensalidade,"Uma das 29 entidades com Acordo de Cooperação Técnica (ACT) com o INSS para desconto de mensalidade associativa em folha de benefício, segundo Jusbrasil (https://www.jusbrasil.com.br/artigos/contribuicao-unibap-o-que-e-e-como-cancelar/2501808625).","ALERTA REPUTACIONAL INSS: citada como uma das entidades investigadas na fase mais recente da Operação Sem Desconto (Imirante.com, 27/05/2026, https://imirante.com/noticias/brasil/2026/05/27/ipolitica-pf-e-cgu-fazem-nova-operacao-sobre-descontos-ilegais-no-inss). Sede em Brasília-DF. Oferece odontologia, consultas, exames e assistência funeral aos associados."
ABENPREV (nome completo não confirmado),ABENPREV,não encontrado,4,,não informado,não encontrado,não encontrado,imprensa,a confirmar,outra,"não encontrado (citada apenas como investigada, sem detalhe de cobrança confirmado nesta busca)","ALERTA REPUTACIONAL INSS: citada junto com a UNIBAP como investigada na fase mais recente da Operação Sem Desconto (Imirante.com, 27/05/2026). Nome completo, CNPJ e número de associados não confirmados — requer busca dedicada."
Associação dos Aposentados e Pensionistas do Brasil (Fortaleza-CE),AAPB,06.062.946/0001-69,4,,não informado,"Econodata, consulta de empresa, https://www.econodata.com.br/consulta-empresa/06062946000169-aapb-associacao-dos-aposentados-e-pensionistasdo-brasil",não encontrado,imprensa,a confirmar,outra,não encontrado diretamente; entidade do mesmo grupo de associações de aposentados citadas nas listas de descontos do INSS,Situação cadastral SUSPENSA desde 08/02/2025 segundo Econodata — possível relação com a onda de suspensões de ACT do INSS em 2025. Existe outra entidade de nome quase idêntico no Rio de Janeiro (CNPJ 43.630.622/0001-06) — checar duplicidade/homônimos antes de consolidar.
Associação dos Aposentados e Pensionistas do Brasil (Rio de Janeiro-RJ),AAPB,43.630.622/0001-06,4,,não informado,"VRI Consulting / CNPJ Agora, https://www.vriconsulting.com.br/empresa.php?cnpj=43630622000106",não encontrado,imprensa,a confirmar,outra,não encontrado,Situação cadastral 'Inapta' perante a Receita Federal segundo fonte consultada. Fundada em 03/09/2021 — entidade recente. Homônima da AAPB de Fortaleza (CNPJ 06.062.946/0001-69); orquestrador deve checar qual é a relevante ou se ambas devem constar.
Associação de Proteção e Defesa dos Direitos dos Aposentados e Pensionistas (APDAP Prev),APDAP Prev,não encontrado,4,,não informado (fonte traz apenas valor arrecadado em descontos: R$ 66 milhões em 2024),"Jornal de Brasília, 'Veja lista de associações investigadas por descontos indevidos na aposentadoria', https://jornaldebrasilia.com.br/noticias/economia/veja-lista-de-associacoes-investigadas-por-descontos-indevidos-na-aposentadoria/",2024 (dado de arrecadação); artigo de 2025,imprensa,sim,mensalidade,ACT com o INSS assinado em 2022; R$ 66 milhões descontados de aposentados/pensionistas em 2024 segundo a reportagem.,ALERTA REPUTACIONAL INSS: uma das entidades investigadas na Operação Sem Desconto.
Amar Brasil Clube de Benefícios,ABCB,não encontrado,outra,,não informado (fonte traz apenas valor arrecadado em descontos: R$ 78 milhões em 2024),"Jornal de Brasília, 'Veja lista de associações investigadas por descontos indevidos na aposentadoria', https://jornaldebrasilia.com.br/noticias/economia/veja-lista-de-associacoes-investigadas-por-descontos-indevidos-na-aposentadoria/",2024 (dado de arrecadação); artigo de 2025,imprensa,sim,mensalidade,"ACT com o INSS assinado em 2022; R$ 78 milhões descontados de aposentados/pensionistas em 2024 segundo a reportagem. Nome comercial 'Clube de Benefícios' sugere modelo de cobrança recorrente típico de clube de vantagens, não associação profissional/categoria clássica.",ALERTA REPUTACIONAL INSS: uma das entidades com maior valor de desconto identificado em 2024. Categoria dúbia — mais parecido com 'clube de benefícios' comercial do que associação tradicional; XIPP deve avaliar se é o tipo de entidade que interessa ao produto.
Confederação Nacional dos Trabalhadores na Agricultura,CONTAG,não encontrado,outra,,"não informado (confederação de sindicatos rurais filiados, sem contagem direta de pessoa física localizada)",não encontrado,não encontrado,imprensa,a confirmar,outra,não encontrado,"ALERTA REPUTACIONAL INSS: citada pela Polícia Federal em inquérito sobre descontos indevidos do INSS (CNN Brasil, https://www.cnnbrasil.com.br/politica/inss-sindicatos-citados-em-inquerito-tem-vaga-no-conselho-de-previdencia/). É confederação de sindicatos de trabalhadores rurais, fora do critério do briefing (sindicatos/confederações são excluídos) — registrar apenas como referência/alerta, não como candidata direta."
AAPPS Universo (nome completo e natureza não confirmados),AAPPS Universo,não encontrado,outra,,não informado,"Jornal de Brasília, 'Veja lista de associações investigadas por descontos indevidos na aposentadoria' / '9 em cada 10 descontos do INSS não foram reconhecidos', https://jornaldebrasilia.com.br/noticias/economia/9-em-cada-10-descontos-do-inss-nao-foram-reconhecidos-diz-cgu-veja-lista-de-associacoes/",2025,imprensa,a confirmar,outra,não encontrado,"ALERTA REPUTACIONAL INSS: citada em lista da CGU sobre descontos indevidos no INSS junto com Aapen, Contag, Unaspub, Conafer, Apdap Prev, ABCB/Amar Brasil e CAAP. Nome completo, CNPJ e sede não confirmados nesta busca — requer pesquisa dedicada."
CONAFER (nome completo não confirmado — possivelmente entidade ligada ao meio rural),CONAFER,não encontrado,outra,,não informado,"Jornal de Brasília, https://jornaldebrasilia.com.br/noticias/economia/9-em-cada-10-descontos-do-inss-nao-foram-reconhecidos-diz-cgu-veja-lista-de-associacoes/",2025,imprensa,a confirmar,outra,não encontrado,ALERTA REPUTACIONAL INSS: citada na mesma lista da CGU sobre descontos indevidos no INSS (ver observação da AAPPS Universo). Nome completo e CNPJ não confirmados.
CAAP - Caixa de Assistência de Aposentados e Pensionistas (nome completo/vínculo não confirmados),CAAP,não encontrado,outra,,não informado,"Jornal de Brasília, https://jornaldebrasilia.com.br/noticias/economia/9-em-cada-10-descontos-do-inss-nao-foram-reconhecidos-diz-cgu-veja-lista-de-associacoes/",2025,imprensa,a confirmar,outra,não encontrado,"ALERTA REPUTACIONAL INSS: citada na mesma lista da CGU (ver observação da AAPPS Universo). Nome sugere 'Caixa de Assistência de Aposentados e Pensionistas do INSS', mas não foi possível confirmar razão social exata nem se tem natureza de associação 399-9."
Clube Naval,CN,não encontrado,5,,não informado,não encontrado,não encontrado,imprensa,sim,mensalidade,"Página oficial 'Reajuste de mensalidade' (https://www.clubenaval.org.br/reajuste-de-mensalidade) detalha que a mensalidade básica de sócios efetivos, especiais, temporários e aspirantes equivale a até 5% (podendo chegar a 10%) do soldo de 2º Tenente.","Clube social/recreativo de militares da Marinha com múltiplas filiais regionais (ex. Clube Naval de Brasília, Clube Naval Charitas). Número total de sócios não encontrado nesta busca — candidato a checar em fase de enriquecimento."
Clube Militar,CM,não encontrado,5,,não informado,não encontrado,não encontrado,imprensa,sim,mensalidade,"Página institucional 'Associe-se' (https://clubemilitar.org/associe-se/) menciona categorias de sócio e isenção de mensalidade apenas para cônjuge e filhos/enteados menores de 18 anos, indicando cobrança de mensalidade para os demais associados.","Clube social de militares do Exército, sede no Rio de Janeiro. Número total de sócios não encontrado nesta busca — candidato a checar em fase de enriquecimento."
